-38,-237,Ai/ni83ven0/ix1Wu1Wb49qYnSA=,Qz+9NdDHvH9ZCxP/PMhZMlK9Hec=
-46,-239,Ai/ni83ven0/ix1Wu1Wb49qYnSA=,qe8w0leBLibDjhl6aIFLtXlZjM0=
-47,-239,Ai/ni83ven0/ix1Wu1Wb49qYnSA=,qe8w0leBLibDjhl6aIFLtXlZjM0=
-45,-239,Ai/ni83ven0/ix1Wu1Wb49qYnSA=,qe8w0leBLibDjhl6aIFLtXlZjM0=
-43,-239,Ai/ni83ven0/ix1Wu1Wb49qYnSA=,qe8w0leBLibDjhl6aIFLtXlZjM0=
-42,-239,Ai/ni83ven0/ix1Wu1Wb49qYnSA=,qe8w0leBLibDjhl6aIFLtXlZjM0=
-41,-239,Ai/ni83ven0/ix1Wu1Wb49qYnSA=,qe8w0leBLibDjhl6aIFLtXlZjM0=
-44,-239,Ai/ni83ven0/ix1Wu1Wb49qYnSA=,qe8w0leBLibDjhl6aIFLtXlZjM0=
-47,-238,Ai/ni83ven0/ix1Wu1Wb49qYnSA=,qe8w0leBLibDjhl6aIFLtXlZjM0=
-46,-238,Ai/ni83ven0/ix1Wu1Wb49qYnSA=,qe8w0leBLibDjhl6aIFLtXlZjM0=
-45,-238,Ai/ni83ven0/ix1Wu1Wb49qYnSA=,qe8w0leBLibDjhl6aIFLtXlZjM0=
-44,-238,Ai/ni83ven0/ix1Wu1Wb49qYnSA=,qe8w0leBLibDjhl6aIFLtXlZjM0=
-43,-238,Ai/ni83ven0/ix1Wu1Wb49qYnSA=,qe8w0leBLibDjhl6aIFLtXlZjM0=
-42,-238,Ai/ni83ven0/ix1Wu1Wb49qYnSA=,qe8w0leBLibDjhl6aIFLtXlZjM0=
-41,-238,Ai/ni83ven0/ix1Wu1Wb49qYnSA=,qe8w0leBLibDjhl6aIFLtXlZjM0=
-47,-237,Ai/ni83ven0/ix1Wu1Wb49qYnSA=,qe8w0leBLibDjhl6aIFLtXlZjM0=
-40,-234,Ai/ni83ven0/ix1Wu1Wb49qYnSA=,Qz+9NdDHvH9ZCxP/PMhZMlK9Hec=
-46,-237,Ai/ni83ven0/ix1Wu1Wb49qYnSA=,qe8w0leBLibDjhl6aIFLtXlZjM0=
-45,-237,Ai/ni83ven0/ix1Wu1Wb49qYnSA=,qe8w0leBLibDjhl6aIFLtXlZjM0=
-43,-237,Ai/ni83ven0/ix1Wu1Wb49qYnSA=,qe8w0leBLibDjhl6aIFLtXlZjM0=
-42,-237,Ai/ni83ven0/ix1Wu1Wb49qYnSA=,qe8w0leBLibDjhl6aIFLtXlZjM0=
-40,-235,Ai/ni83ven0/ix1Wu1Wb49qYnSA=,Qz+9NdDHvH9ZCxP/PMhZMlK9Hec=
-44,-237,Ai/ni83ven0/ix1Wu1Wb49qYnSA=,qe8w0leBLibDjhl6aIFLtXlZjM0=
-41,-237,Ai/ni83ven0/ix1Wu1Wb49qYnSA=,qe8w0leBLibDjhl6aIFLtXlZjM0=
-47,-236,Ai/ni83ven0/ix1Wu1Wb49qYnSA=,qe8w0leBLibDjhl6aIFLtXlZjM0=
-46,-236,Ai/ni83ven0/ix1Wu1Wb49qYnSA=,qe8w0leBLibDjhl6aIFLtXlZjM0=
-45,-236,Ai/ni83ven0/ix1Wu1Wb49qYnSA=,qe8w0leBLibDjhl6aIFLtXlZjM0=
-44,-236,Ai/ni83ven0/ix1Wu1Wb49qYnSA=,qe8w0leBLibDjhl6aIFLtXlZjM0=
-43,-236,Ai/ni83ven0/ix1Wu1Wb49qYnSA=,qe8w0leBLibDjhl6aIFLtXlZjM0=
-42,-236,Ai/ni83ven0/ix1Wu1Wb49qYnSA=,qe8w0leBLibDjhl6aIFLtXlZjM0=
-41,-236,Ai/ni83ven0/ix1Wu1Wb49qYnSA=,qe8w0leBLibDjhl6aIFLtXlZjM0=
-47,-235,Ai/ni83ven0/ix1Wu1Wb49qYnSA=,qe8w0leBLibDjhl6aIFLtXlZjM0=
-46,-235,Ai/ni83ven0/ix1Wu1Wb49qYnSA=,qe8w0leBLibDjhl6aIFLtXlZjM0=
-45,-235,Ai/ni83ven0/ix1Wu1Wb49qYnSA=,qe8w0leBLibDjhl6aIFLtXlZjM0=
-44,-235,Ai/ni83ven0/ix1Wu1Wb49qYnSA=,qe8w0leBLibDjhl6aIFLtXlZjM0=
-43,-235,Ai/ni83ven0/ix1Wu1Wb49qYnSA=,qe8w0leBLibDjhl6aIFLtXlZjM0=
-40,-238,Ai/ni83ven0/ix1Wu1Wb49qYnSA=,Qz+9NdDHvH9ZCxP/PMhZMlK9Hec=
-42,-235,Ai/ni83ven0/ix1Wu1Wb49qYnSA=,qe8w0leBLibDjhl6aIFLtXlZjM0=
-41,-235,Ai/ni83ven0/ix1Wu1Wb49qYnSA=,qe8w0leBLibDjhl6aIFLtXlZjM0=
-47,-234,Ai/ni83ven0/ix1Wu1Wb49qYnSA=,qe8w0leBLibDjhl6aIFLtXlZjM0=
-46,-234,Ai/ni83ven0/ix1Wu1Wb49qYnSA=,qe8w0leBLibDjhl6aIFLtXlZjM0=
-45,-234,Ai/ni83ven0/ix1Wu1Wb49qYnSA=,qe8w0leBLibDjhl6aIFLtXlZjM0=
-44,-234,Ai/ni83ven0/ix1Wu1Wb49qYnSA=,qe8w0leBLibDjhl6aIFLtXlZjM0=
-43,-234,Ai/ni83ven0/ix1Wu1Wb49qYnSA=,qe8w0leBLibDjhl6aIFLtXlZjM0=
-42,-234,Ai/ni83ven0/ix1Wu1Wb49qYnSA=,qe8w0leBLibDjhl6aIFLtXlZjM0=
-41,-234,Ai/ni83ven0/ix1Wu1Wb49qYnSA=,qe8w0leBLibDjhl6aIFLtXlZjM0=
-40,-239,Ai/ni83ven0/ix1Wu1Wb49qYnSA=,Qz+9NdDHvH9ZCxP/PMhZMlK9Hec=
-40,-236,Ai/ni83ven0/ix1Wu1Wb49qYnSA=,Qz+9NdDHvH9ZCxP/PMhZMlK9Hec=
-40,-237,Ai/ni83ven0/ix1Wu1Wb49qYnSA=,Qz+9NdDHvH9ZCxP/PMhZMlK9Hec=
-39,-233,Ai/ni83ven0/ix1Wu1Wb49qYnSA=,Qz+9NdDHvH9ZCxP/PMhZMlK9Hec=
-38,-233,Ai/ni83ven0/ix1Wu1Wb49qYnSA=,Qz+9NdDHvH9ZCxP/PMhZMlK9Hec=
-37,-233,Ai/ni83ven0/ix1Wu1Wb49qYnSA=,Qz+9NdDHvH9ZCxP/PMhZMlK9Hec=
-36,-233,Ai/ni83ven0/ix1Wu1Wb49qYnSA=,Qz+9NdDHvH9ZCxP/PMhZMlK9Hec=
-35,-233,Ai/ni83ven0/ix1Wu1Wb49qYnSA=,Qz+9NdDHvH9ZCxP/PMhZMlK9Hec=
-34,-233,Ai/ni83ven0/ix1Wu1Wb49qYnSA=,Qz+9NdDHvH9ZCxP/PMhZMlK9Hec=
-39,-238,Ai/ni83ven0/ix1Wu1Wb49qYnSA=,Qz+9NdDHvH9ZCxP/PMhZMlK9Hec=
-39,-237,Ai/ni83ven0/ix1Wu1Wb49qYnSA=,Qz+9NdDHvH9ZCxP/PMhZMlK9Hec=
-37,-236,Ai/ni83ven0/ix1Wu1Wb49qYnSA=,Qz+9NdDHvH9ZCxP/PMhZMlK9Hec=
-38,-236,Ai/ni83ven0/ix1Wu1Wb49qYnSA=,Qz+9NdDHvH9ZCxP/PMhZMlK9Hec=
-35,-235,Ai/ni83ven0/ix1Wu1Wb49qYnSA=,Qz+9NdDHvH9ZCxP/PMhZMlK9Hec=
-33,-239,Ai/ni83ven0/ix1Wu1Wb49qYnSA=,Qz+9NdDHvH9ZCxP/PMhZMlK9Hec=
-34,-239,Ai/ni83ven0/ix1Wu1Wb49qYnSA=,Qz+9NdDHvH9ZCxP/PMhZMlK9Hec=
-39,-236,Ai/ni83ven0/ix1Wu1Wb49qYnSA=,Qz+9NdDHvH9ZCxP/PMhZMlK9Hec=
-35,-239,Ai/ni83ven0/ix1Wu1Wb49qYnSA=,Qz+9NdDHvH9ZCxP/PMhZMlK9Hec=
-36,-239,Ai/ni83ven0/ix1Wu1Wb49qYnSA=,Qz+9NdDHvH9ZCxP/PMhZMlK9Hec=
-37,-239,Ai/ni83ven0/ix1Wu1Wb49qYnSA=,Qz+9NdDHvH9ZCxP/PMhZMlK9Hec=
-36,-235,Ai/ni83ven0/ix1Wu1Wb49qYnSA=,Qz+9NdDHvH9ZCxP/PMhZMlK9Hec=
-38,-239,Ai/ni83ven0/ix1Wu1Wb49qYnSA=,Qz+9NdDHvH9ZCxP/PMhZMlK9Hec=
-39,-239,Ai/ni83ven0/ix1Wu1Wb49qYnSA=,Qz+9NdDHvH9ZCxP/PMhZMlK9Hec=
-33,-238,Ai/ni83ven0/ix1Wu1Wb49qYnSA=,Qz+9NdDHvH9ZCxP/PMhZMlK9Hec=
-33,-234,Ai/ni83ven0/ix1Wu1Wb49qYnSA=,Qz+9NdDHvH9ZCxP/PMhZMlK9Hec=
-37,-235,Ai/ni83ven0/ix1Wu1Wb49qYnSA=,Qz+9NdDHvH9ZCxP/PMhZMlK9Hec=
-34,-238,Ai/ni83ven0/ix1Wu1Wb49qYnSA=,Qz+9NdDHvH9ZCxP/PMhZMlK9Hec=
-33,-237,Ai/ni83ven0/ix1Wu1Wb49qYnSA=,Qz+9NdDHvH9ZCxP/PMhZMlK9Hec=
-34,-234,Ai/ni83ven0/ix1Wu1Wb49qYnSA=,Qz+9NdDHvH9ZCxP/PMhZMlK9Hec=
-48,-239,Ai/ni83ven0/ix1Wu1Wb49qYnSA=,qe8w0leBLibDjhl6aIFLtXlZjM0=
-35,-238,Ai/ni83ven0/ix1Wu1Wb49qYnSA=,Qz+9NdDHvH9ZCxP/PMhZMlK9Hec=
-48,-238,Ai/ni83ven0/ix1Wu1Wb49qYnSA=,qe8w0leBLibDjhl6aIFLtXlZjM0=
-35,-234,Ai/ni83ven0/ix1Wu1Wb49qYnSA=,Qz+9NdDHvH9ZCxP/PMhZMlK9Hec=
-48,-237,Ai/ni83ven0/ix1Wu1Wb49qYnSA=,qe8w0leBLibDjhl6aIFLtXlZjM0=
-36,-234,Ai/ni83ven0/ix1Wu1Wb49qYnSA=,Qz+9NdDHvH9ZCxP/PMhZMlK9Hec=
-48,-235,Ai/ni83ven0/ix1Wu1Wb49qYnSA=,qe8w0leBLibDjhl6aIFLtXlZjM0=
-37,-234,Ai/ni83ven0/ix1Wu1Wb49qYnSA=,Qz+9NdDHvH9ZCxP/PMhZMlK9Hec=
-48,-234,Ai/ni83ven0/ix1Wu1Wb49qYnSA=,qe8w0leBLibDjhl6aIFLtXlZjM0=
-36,-238,Ai/ni83ven0/ix1Wu1Wb49qYnSA=,Qz+9NdDHvH9ZCxP/PMhZMlK9Hec=
-34,-237,Ai/ni83ven0/ix1Wu1Wb49qYnSA=,Qz+9NdDHvH9ZCxP/PMhZMlK9Hec=
-48,-236,Ai/ni83ven0/ix1Wu1Wb49qYnSA=,qe8w0leBLibDjhl6aIFLtXlZjM0=
-39,-234,Ai/ni83ven0/ix1Wu1Wb49qYnSA=,Qz+9NdDHvH9ZCxP/PMhZMlK9Hec=
-38,-235,Ai/ni83ven0/ix1Wu1Wb49qYnSA=,Qz+9NdDHvH9ZCxP/PMhZMlK9Hec=
-38,-234,Ai/ni83ven0/ix1Wu1Wb49qYnSA=,Qz+9NdDHvH9ZCxP/PMhZMlK9Hec=
-37,-238,Ai/ni83ven0/ix1Wu1Wb49qYnSA=,Qz+9NdDHvH9ZCxP/PMhZMlK9Hec=
-39,-235,Ai/ni83ven0/ix1Wu1Wb49qYnSA=,Qz+9NdDHvH9ZCxP/PMhZMlK9Hec=
-35,-237,Ai/ni83ven0/ix1Wu1Wb49qYnSA=,Qz+9NdDHvH9ZCxP/PMhZMlK9Hec=
-36,-237,Ai/ni83ven0/ix1Wu1Wb49qYnSA=,Qz+9NdDHvH9ZCxP/PMhZMlK9Hec=
-34,-236,Ai/ni83ven0/ix1Wu1Wb49qYnSA=,Qz+9NdDHvH9ZCxP/PMhZMlK9Hec=
-38,-238,Ai/ni83ven0/ix1Wu1Wb49qYnSA=,Qz+9NdDHvH9ZCxP/PMhZMlK9Hec=
-33,-235,Ai/ni83ven0/ix1Wu1Wb49qYnSA=,Qz+9NdDHvH9ZCxP/PMhZMlK9Hec=
-33,-236,Ai/ni83ven0/ix1Wu1Wb49qYnSA=,Qz+9NdDHvH9ZCxP/PMhZMlK9Hec=
-35,-236,Ai/ni83ven0/ix1Wu1Wb49qYnSA=,Qz+9NdDHvH9ZCxP/PMhZMlK9Hec=
-36,-236,Ai/ni83ven0/ix1Wu1Wb49qYnSA=,Qz+9NdDHvH9ZCxP/PMhZMlK9Hec=
-37,-237,Ai/ni83ven0/ix1Wu1Wb49qYnSA=,Qz+9NdDHvH9ZCxP/PMhZMlK9Hec=
-34,-235,Ai/ni83ven0/ix1Wu1Wb49qYnSA=,Qz+9NdDHvH9ZCxP/PMhZMlK9Hec=
-33,-233,Ai/ni83ven0/ix1Wu1Wb49qYnSA=,Qz+9NdDHvH9ZCxP/PMhZMlK9Hec=
-40,-233,Ai/ni83ven0/ix1Wu1Wb49qYnSA=,Qz+9NdDHvH9ZCxP/PMhZMlK9Hec=
-47,-233,Ai/ni83ven0/ix1Wu1Wb49qYnSA=,qe8w0leBLibDjhl6aIFLtXlZjM0=
-46,-233,Ai/ni83ven0/ix1Wu1Wb49qYnSA=,qe8w0leBLibDjhl6aIFLtXlZjM0=
-45,-233,Ai/ni83ven0/ix1Wu1Wb49qYnSA=,qe8w0leBLibDjhl6aIFLtXlZjM0=
-44,-233,Ai/ni83ven0/ix1Wu1Wb49qYnSA=,qe8w0leBLibDjhl6aIFLtXlZjM0=
-43,-233,Ai/ni83ven0/ix1Wu1Wb49qYnSA=,qe8w0leBLibDjhl6aIFLtXlZjM0=
-42,-233,Ai/ni83ven0/ix1Wu1Wb49qYnSA=,qe8w0leBLibDjhl6aIFLtXlZjM0=
-41,-233,Ai/ni83ven0/ix1Wu1Wb49qYnSA=,qe8w0leBLibDjhl6aIFLtXlZjM0=
-48,-233,Ai/ni83ven0/ix1Wu1Wb49qYnSA=,qe8w0leBLibDjhl6aIFLtXlZjM0=
-37,-240,Ai/ni83ven0/ix1Wu1Wb49qYnSA=,Qz+9NdDHvH9ZCxP/PMhZMlK9Hec=
-34,-240,Ai/ni83ven0/ix1Wu1Wb49qYnSA=,Qz+9NdDHvH9ZCxP/PMhZMlK9Hec=
-35,-240,Ai/ni83ven0/ix1Wu1Wb49qYnSA=,Qz+9NdDHvH9ZCxP/PMhZMlK9Hec=
-33,-240,Ai/ni83ven0/ix1Wu1Wb49qYnSA=,Qz+9NdDHvH9ZCxP/PMhZMlK9Hec=
-36,-240,Ai/ni83ven0/ix1Wu1Wb49qYnSA=,Qz+9NdDHvH9ZCxP/PMhZMlK9Hec=
-38,-240,Ai/ni83ven0/ix1Wu1Wb49qYnSA=,Qz+9NdDHvH9ZCxP/PMhZMlK9Hec=
-39,-240,Ai/ni83ven0/ix1Wu1Wb49qYnSA=,Qz+9NdDHvH9ZCxP/PMhZMlK9Hec=
-41,-240,Ai/ni83ven0/ix1Wu1Wb49qYnSA=,qe8w0leBLibDjhl6aIFLtXlZjM0=
-40,-240,Ai/ni83ven0/ix1Wu1Wb49qYnSA=,Qz+9NdDHvH9ZCxP/PMhZMlK9Hec=
-42,-240,Ai/ni83ven0/ix1Wu1Wb49qYnSA=,qe8w0leBLibDjhl6aIFLtXlZjM0=
-48,-240,Ai/ni83ven0/ix1Wu1Wb49qYnSA=,qe8w0leBLibDjhl6aIFLtXlZjM0=
-45,-240,Ai/ni83ven0/ix1Wu1Wb49qYnSA=,qe8w0leBLibDjhl6aIFLtXlZjM0=
-47,-240,Ai/ni83ven0/ix1Wu1Wb49qYnSA=,qe8w0leBLibDjhl6aIFLtXlZjM0=
-43,-240,Ai/ni83ven0/ix1Wu1Wb49qYnSA=,qe8w0leBLibDjhl6aIFLtXlZjM0=
-44,-240,Ai/ni83ven0/ix1Wu1Wb49qYnSA=,qe8w0leBLibDjhl6aIFLtXlZjM0=
-46,-240,Ai/ni83ven0/ix1Wu1Wb49qYnSA=,qe8w0leBLibDjhl6aIFLtXlZjM0=
-39,-251,VatUTozuEP3FyeE2A6eog1U3LpA=,3b6N7LGULuj3+ILhPNkLhud7EeE=
-36,-252,VatUTozuEP3FyeE2A6eog1U3LpA=,3b6N7LGULuj3+ILhPNkLhud7EeE=
-35,-252,rz+91DzITV4CeV0BSIu/5QrY5io=,3b6N7LGULuj3+ILhPNkLhud7EeE=
-34,-252,qpCmfO/dDhwd2xSrIlFIxu2xgcw=,3b6N7LGULuj3+ILhPNkLhud7EeE=
-37,-252,qpCmfO/dDhwd2xSrIlFIxu2xgcw=,3b6N7LGULuj3+ILhPNkLhud7EeE=
-39,-252,qpCmfO/dDhwd2xSrIlFIxu2xgcw=,3b6N7LGULuj3+ILhPNkLhud7EeE=
-38,-252,OZOrAqEE6PNeFfvVVUyqNl7T01k=,3b6N7LGULuj3+ILhPNkLhud7EeE=
-34,-253,OZOrAqEE6PNeFfvVVUyqNl7T01k=,3b6N7LGULuj3+ILhPNkLhud7EeE=
-47,-253,OZOrAqEE6PNeFfvVVUyqNl7T01k=,zdmIicJX3Dr6CmYs64NLFs0ec7I=
-40,-251,OZOrAqEE6PNeFfvVVUyqNl7T01k=,3b6N7LGULuj3+ILhPNkLhud7EeE=
-46,-253,OZOrAqEE6PNeFfvVVUyqNl7T01k=,zdmIicJX3Dr6CmYs64NLFs0ec7I=
-43,-253,OZOrAqEE6PNeFfvVVUyqNl7T01k=,zdmIicJX3Dr6CmYs64NLFs0ec7I=
-45,-253,OZOrAqEE6PNeFfvVVUyqNl7T01k=,zdmIicJX3Dr6CmYs64NLFs0ec7I=
-44,-253,OZOrAqEE6PNeFfvVVUyqNl7T01k=,zdmIicJX3Dr6CmYs64NLFs0ec7I=
-42,-253,OZOrAqEE6PNeFfvVVUyqNl7T01k=,zdmIicJX3Dr6CmYs64NLFs0ec7I=
-41,-253,OZOrAqEE6PNeFfvVVUyqNl7T01k=,zdmIicJX3Dr6CmYs64NLFs0ec7I=
-47,-252,OZOrAqEE6PNeFfvVVUyqNl7T01k=,zdmIicJX3Dr6CmYs64NLFs0ec7I=
-46,-252,OZOrAqEE6PNeFfvVVUyqNl7T01k=,zdmIicJX3Dr6CmYs64NLFs0ec7I=
-45,-252,OZOrAqEE6PNeFfvVVUyqNl7T01k=,zdmIicJX3Dr6CmYs64NLFs0ec7I=
-44,-252,OZOrAqEE6PNeFfvVVUyqNl7T01k=,zdmIicJX3Dr6CmYs64NLFs0ec7I=
-43,-252,OZOrAqEE6PNeFfvVVUyqNl7T01k=,zdmIicJX3Dr6CmYs64NLFs0ec7I=
-42,-252,OZOrAqEE6PNeFfvVVUyqNl7T01k=,zdmIicJX3Dr6CmYs64NLFs0ec7I=
-41,-252,OZOrAqEE6PNeFfvVVUyqNl7T01k=,zdmIicJX3Dr6CmYs64NLFs0ec7I=
-47,-251,OZOrAqEE6PNeFfvVVUyqNl7T01k=,zdmIicJX3Dr6CmYs64NLFs0ec7I=
-40,-255,OZOrAqEE6PNeFfvVVUyqNl7T01k=,3b6N7LGULuj3+ILhPNkLhud7EeE=
-40,-250,OZOrAqEE6PNeFfvVVUyqNl7T01k=,3b6N7LGULuj3+ILhPNkLhud7EeE=
-46,-251,OZOrAqEE6PNeFfvVVUyqNl7T01k=,zdmIicJX3Dr6CmYs64NLFs0ec7I=
-45,-251,OZOrAqEE6PNeFfvVVUyqNl7T01k=,zdmIicJX3Dr6CmYs64NLFs0ec7I=
-44,-251,OZOrAqEE6PNeFfvVVUyqNl7T01k=,zdmIicJX3Dr6CmYs64NLFs0ec7I=
-43,-251,OZOrAqEE6PNeFfvVVUyqNl7T01k=,zdmIicJX3Dr6CmYs64NLFs0ec7I=
-41,-251,OZOrAqEE6PNeFfvVVUyqNl7T01k=,zdmIicJX3Dr6CmYs64NLFs0ec7I=
-47,-250,OZOrAqEE6PNeFfvVVUyqNl7T01k=,zdmIicJX3Dr6CmYs64NLFs0ec7I=
-46,-250,OZOrAqEE6PNeFfvVVUyqNl7T01k=,zdmIicJX3Dr6CmYs64NLFs0ec7I=
-45,-250,OZOrAqEE6PNeFfvVVUyqNl7T01k=,zdmIicJX3Dr6CmYs64NLFs0ec7I=
-42,-251,OZOrAqEE6PNeFfvVVUyqNl7T01k=,zdmIicJX3Dr6CmYs64NLFs0ec7I=
-44,-250,OZOrAqEE6PNeFfvVVUyqNl7T01k=,zdmIicJX3Dr6CmYs64NLFs0ec7I=
-43,-250,OZOrAqEE6PNeFfvVVUyqNl7T01k=,zdmIicJX3Dr6CmYs64NLFs0ec7I=
-42,-250,OZOrAqEE6PNeFfvVVUyqNl7T01k=,zdmIicJX3Dr6CmYs64NLFs0ec7I=
-40,-254,OZOrAqEE6PNeFfvVVUyqNl7T01k=,3b6N7LGULuj3+ILhPNkLhud7EeE=
-41,-250,OZOrAqEE6PNeFfvVVUyqNl7T01k=,zdmIicJX3Dr6CmYs64NLFs0ec7I=
-40,-253,OZOrAqEE6PNeFfvVVUyqNl7T01k=,3b6N7LGULuj3+ILhPNkLhud7EeE=
-40,-252,OZOrAqEE6PNeFfvVVUyqNl7T01k=,3b6N7LGULuj3+ILhPNkLhud7EeE=
-47,-255,OZOrAqEE6PNeFfvVVUyqNl7T01k=,zdmIicJX3Dr6CmYs64NLFs0ec7I=
-46,-255,OZOrAqEE6PNeFfvVVUyqNl7T01k=,zdmIicJX3Dr6CmYs64NLFs0ec7I=
-45,-255,OZOrAqEE6PNeFfvVVUyqNl7T01k=,zdmIicJX3Dr6CmYs64NLFs0ec7I=
-44,-255,OZOrAqEE6PNeFfvVVUyqNl7T01k=,zdmIicJX3Dr6CmYs64NLFs0ec7I=
-43,-255,OZOrAqEE6PNeFfvVVUyqNl7T01k=,zdmIicJX3Dr6CmYs64NLFs0ec7I=
-42,-255,OZOrAqEE6PNeFfvVVUyqNl7T01k=,zdmIicJX3Dr6CmYs64NLFs0ec7I=
-41,-255,OZOrAqEE6PNeFfvVVUyqNl7T01k=,zdmIicJX3Dr6CmYs64NLFs0ec7I=
-47,-254,OZOrAqEE6PNeFfvVVUyqNl7T01k=,zdmIicJX3Dr6CmYs64NLFs0ec7I=
-46,-254,OZOrAqEE6PNeFfvVVUyqNl7T01k=,zdmIicJX3Dr6CmYs64NLFs0ec7I=
-45,-254,OZOrAqEE6PNeFfvVVUyqNl7T01k=,zdmIicJX3Dr6CmYs64NLFs0ec7I=
-44,-254,OZOrAqEE6PNeFfvVVUyqNl7T01k=,zdmIicJX3Dr6CmYs64NLFs0ec7I=
-43,-254,OZOrAqEE6PNeFfvVVUyqNl7T01k=,zdmIicJX3Dr6CmYs64NLFs0ec7I=
-42,-254,OZOrAqEE6PNeFfvVVUyqNl7T01k=,zdmIicJX3Dr6CmYs64NLFs0ec7I=
-41,-254,OZOrAqEE6PNeFfvVVUyqNl7T01k=,zdmIicJX3Dr6CmYs64NLFs0ec7I=
-36,-242,OZOrAqEE6PNeFfvVVUyqNl7T01k=,7xkDZXE/k5TDXrhTQYeib5iKXd0=
-35,-242,OZOrAqEE6PNeFfvVVUyqNl7T01k=,7xkDZXE/k5TDXrhTQYeib5iKXd0=
-34,-242,OZOrAqEE6PNeFfvVVUyqNl7T01k=,7xkDZXE/k5TDXrhTQYeib5iKXd0=
-36,-247,OZOrAqEE6PNeFfvVVUyqNl7T01k=,7xkDZXE/k5TDXrhTQYeib5iKXd0=
-34,-247,OZOrAqEE6PNeFfvVVUyqNl7T01k=,7xkDZXE/k5TDXrhTQYeib5iKXd0=
-36,-243,OZOrAqEE6PNeFfvVVUyqNl7T01k=,7xkDZXE/k5TDXrhTQYeib5iKXd0=
-36,-248,OZOrAqEE6PNeFfvVVUyqNl7T01k=,7xkDZXE/k5TDXrhTQYeib5iKXd0=
-36,-245,OZOrAqEE6PNeFfvVVUyqNl7T01k=,7xkDZXE/k5TDXrhTQYeib5iKXd0=
-36,-246,OZOrAqEE6PNeFfvVVUyqNl7T01k=,7xkDZXE/k5TDXrhTQYeib5iKXd0=
-35,-245,OZOrAqEE6PNeFfvVVUyqNl7T01k=,7xkDZXE/k5TDXrhTQYeib5iKXd0=
-35,-243,OZOrAqEE6PNeFfvVVUyqNl7T01k=,7xkDZXE/k5TDXrhTQYeib5iKXd0=
-35,-246,OZOrAqEE6PNeFfvVVUyqNl7T01k=,7xkDZXE/k5TDXrhTQYeib5iKXd0=
-34,-243,OZOrAqEE6PNeFfvVVUyqNl7T01k=,7xkDZXE/k5TDXrhTQYeib5iKXd0=
-34,-245,OZOrAqEE6PNeFfvVVUyqNl7T01k=,7xkDZXE/k5TDXrhTQYeib5iKXd0=
-34,-246,OZOrAqEE6PNeFfvVVUyqNl7T01k=,7xkDZXE/k5TDXrhTQYeib5iKXd0=
-36,-244,OZOrAqEE6PNeFfvVVUyqNl7T01k=,7xkDZXE/k5TDXrhTQYeib5iKXd0=
-36,-249,OZOrAqEE6PNeFfvVVUyqNl7T01k=,3b6N7LGULuj3+ILhPNkLhud7EeE=
-35,-249,OZOrAqEE6PNeFfvVVUyqNl7T01k=,3b6N7LGULuj3+ILhPNkLhud7EeE=
-34,-249,OZOrAqEE6PNeFfvVVUyqNl7T01k=,3b6N7LGULuj3+ILhPNkLhud7EeE=
-35,-248,OZOrAqEE6PNeFfvVVUyqNl7T01k=,7xkDZXE/k5TDXrhTQYeib5iKXd0=
-34,-248,OZOrAqEE6PNeFfvVVUyqNl7T01k=,7xkDZXE/k5TDXrhTQYeib5iKXd0=
-35,-244,OZOrAqEE6PNeFfvVVUyqNl7T01k=,7xkDZXE/k5TDXrhTQYeib5iKXd0=
-34,-244,OZOrAqEE6PNeFfvVVUyqNl7T01k=,7xkDZXE/k5TDXrhTQYeib5iKXd0=
-35,-247,OZOrAqEE6PNeFfvVVUyqNl7T01k=,7xkDZXE/k5TDXrhTQYeib5iKXd0=
-33,-242,OZOrAqEE6PNeFfvVVUyqNl7T01k=,7xkDZXE/k5TDXrhTQYeib5iKXd0=
-33,-247,OZOrAqEE6PNeFfvVVUyqNl7T01k=,7xkDZXE/k5TDXrhTQYeib5iKXd0=
-33,-245,OZOrAqEE6PNeFfvVVUyqNl7T01k=,7xkDZXE/k5TDXrhTQYeib5iKXd0=
-33,-243,OZOrAqEE6PNeFfvVVUyqNl7T01k=,7xkDZXE/k5TDXrhTQYeib5iKXd0=
-33,-246,OZOrAqEE6PNeFfvVVUyqNl7T01k=,7xkDZXE/k5TDXrhTQYeib5iKXd0=
-33,-244,OZOrAqEE6PNeFfvVVUyqNl7T01k=,7xkDZXE/k5TDXrhTQYeib5iKXd0=
-35,-253,OZOrAqEE6PNeFfvVVUyqNl7T01k=,3b6N7LGULuj3+ILhPNkLhud7EeE=
-37,-253,OZOrAqEE6PNeFfvVVUyqNl7T01k=,3b6N7LGULuj3+ILhPNkLhud7EeE=
-36,-253,OZOrAqEE6PNeFfvVVUyqNl7T01k=,3b6N7LGULuj3+ILhPNkLhud7EeE=
-38,-253,OZOrAqEE6PNeFfvVVUyqNl7T01k=,3b6N7LGULuj3+ILhPNkLhud7EeE=
-39,-241,OZOrAqEE6PNeFfvVVUyqNl7T01k=,7xkDZXE/k5TDXrhTQYeib5iKXd0=
-38,-241,OZOrAqEE6PNeFfvVVUyqNl7T01k=,7xkDZXE/k5TDXrhTQYeib5iKXd0=
-37,-241,OZOrAqEE6PNeFfvVVUyqNl7T01k=,7xkDZXE/k5TDXrhTQYeib5iKXd0=
-36,-241,OZOrAqEE6PNeFfvVVUyqNl7T01k=,7xkDZXE/k5TDXrhTQYeib5iKXd0=
-35,-241,OZOrAqEE6PNeFfvVVUyqNl7T01k=,7xkDZXE/k5TDXrhTQYeib5iKXd0=
-34,-241,OZOrAqEE6PNeFfvVVUyqNl7T01k=,7xkDZXE/k5TDXrhTQYeib5iKXd0=
-47,-256,OZOrAqEE6PNeFfvVVUyqNl7T01k=,zdmIicJX3Dr6CmYs64NLFs0ec7I=
-46,-256,OZOrAqEE6PNeFfvVVUyqNl7T01k=,zdmIicJX3Dr6CmYs64NLFs0ec7I=
-45,-256,OZOrAqEE6PNeFfvVVUyqNl7T01k=,zdmIicJX3Dr6CmYs64NLFs0ec7I=
-44,-256,OZOrAqEE6PNeFfvVVUyqNl7T01k=,zdmIicJX3Dr6CmYs64NLFs0ec7I=
-43,-256,OZOrAqEE6PNeFfvVVUyqNl7T01k=,zdmIicJX3Dr6CmYs64NLFs0ec7I=
-42,-256,OZOrAqEE6PNeFfvVVUyqNl7T01k=,zdmIicJX3Dr6CmYs64NLFs0ec7I=
-33,-251,OZOrAqEE6PNeFfvVVUyqNl7T01k=,3b6N7LGULuj3+ILhPNkLhud7EeE=
-33,-255,OZOrAqEE6PNeFfvVVUyqNl7T01k=,3b6N7LGULuj3+ILhPNkLhud7EeE=
-33,-250,OZOrAqEE6PNeFfvVVUyqNl7T01k=,3b6N7LGULuj3+ILhPNkLhud7EeE=
-33,-254,OZOrAqEE6PNeFfvVVUyqNl7T01k=,3b6N7LGULuj3+ILhPNkLhud7EeE=
-33,-253,OZOrAqEE6PNeFfvVVUyqNl7T01k=,3b6N7LGULuj3+ILhPNkLhud7EeE=
-33,-249,OZOrAqEE6PNeFfvVVUyqNl7T01k=,3b6N7LGULuj3+ILhPNkLhud7EeE=
-33,-248,OZOrAqEE6PNeFfvVVUyqNl7T01k=,7xkDZXE/k5TDXrhTQYeib5iKXd0=
-33,-252,OZOrAqEE6PNeFfvVVUyqNl7T01k=,3b6N7LGULuj3+ILhPNkLhud7EeE=
-40,-256,OZOrAqEE6PNeFfvVVUyqNl7T01k=,3b6N7LGULuj3+ILhPNkLhud7EeE=
-39,-256,OZOrAqEE6PNeFfvVVUyqNl7T01k=,3b6N7LGULuj3+ILhPNkLhud7EeE=
-38,-256,OZOrAqEE6PNeFfvVVUyqNl7T01k=,3b6N7LGULuj3+ILhPNkLhud7EeE=
-37,-256,OZOrAqEE6PNeFfvVVUyqNl7T01k=,3b6N7LGULuj3+ILhPNkLhud7EeE=
-36,-256,OZOrAqEE6PNeFfvVVUyqNl7T01k=,3b6N7LGULuj3+ILhPNkLhud7EeE=
-35,-256,OZOrAqEE6PNeFfvVVUyqNl7T01k=,3b6N7LGULuj3+ILhPNkLhud7EeE=
-34,-256,OZOrAqEE6PNeFfvVVUyqNl7T01k=,3b6N7LGULuj3+ILhPNkLhud7EeE=
-41,-256,OZOrAqEE6PNeFfvVVUyqNl7T01k=,zdmIicJX3Dr6CmYs64NLFs0ec7I=
-33,-256,OZOrAqEE6PNeFfvVVUyqNl7T01k=,3b6N7LGULuj3+ILhPNkLhud7EeE=
-33,-241,OZOrAqEE6PNeFfvVVUyqNl7T01k=,7xkDZXE/k5TDXrhTQYeib5iKXd0=
-39,-253,OZOrAqEE6PNeFfvVVUyqNl7T01k=,3b6N7LGULuj3+ILhPNkLhud7EeE=
-34,-254,OZOrAqEE6PNeFfvVVUyqNl7T01k=,3b6N7LGULuj3+ILhPNkLhud7EeE=
-36,-250,OZOrAqEE6PNeFfvVVUyqNl7T01k=,3b6N7LGULuj3+ILhPNkLhud7EeE=
-35,-250,OZOrAqEE6PNeFfvVVUyqNl7T01k=,3b6N7LGULuj3+ILhPNkLhud7EeE=
-36,-254,OZOrAqEE6PNeFfvVVUyqNl7T01k=,3b6N7LGULuj3+ILhPNkLhud7EeE=
-34,-250,OZOrAqEE6PNeFfvVVUyqNl7T01k=,3b6N7LGULuj3+ILhPNkLhud7EeE=
-35,-254,OZOrAqEE6PNeFfvVVUyqNl7T01k=,3b6N7LGULuj3+ILhPNkLhud7EeE=
-37,-254,OZOrAqEE6PNeFfvVVUyqNl7T01k=,3b6N7LGULuj3+ILhPNkLhud7EeE=
-38,-254,OZOrAqEE6PNeFfvVVUyqNl7T01k=,3b6N7LGULuj3+ILhPNkLhud7EeE=
-37,-250,OZOrAqEE6PNeFfvVVUyqNl7T01k=,3b6N7LGULuj3+ILhPNkLhud7EeE=
-39,-254,OZOrAqEE6PNeFfvVVUyqNl7T01k=,3b6N7LGULuj3+ILhPNkLhud7EeE=
-34,-255,OZOrAqEE6PNeFfvVVUyqNl7T01k=,3b6N7LGULuj3+ILhPNkLhud7EeE=
-35,-255,OZOrAqEE6PNeFfvVVUyqNl7T01k=,3b6N7LGULuj3+ILhPNkLhud7EeE=
-36,-255,OZOrAqEE6PNeFfvVVUyqNl7T01k=,3b6N7LGULuj3+ILhPNkLhud7EeE=
-37,-255,OZOrAqEE6PNeFfvVVUyqNl7T01k=,3b6N7LGULuj3+ILhPNkLhud7EeE=
-38,-255,OZOrAqEE6PNeFfvVVUyqNl7T01k=,3b6N7LGULuj3+ILhPNkLhud7EeE=
-38,-250,OZOrAqEE6PNeFfvVVUyqNl7T01k=,3b6N7LGULuj3+ILhPNkLhud7EeE=
-39,-255,OZOrAqEE6PNeFfvVVUyqNl7T01k=,3b6N7LGULuj3+ILhPNkLhud7EeE=
-39,-250,OZOrAqEE6PNeFfvVVUyqNl7T01k=,3b6N7LGULuj3+ILhPNkLhud7EeE=
-34,-251,OZOrAqEE6PNeFfvVVUyqNl7T01k=,3b6N7LGULuj3+ILhPNkLhud7EeE=
-36,-251,OZOrAqEE6PNeFfvVVUyqNl7T01k=,3b6N7LGULuj3+ILhPNkLhud7EeE=
-35,-251,OZOrAqEE6PNeFfvVVUyqNl7T01k=,3b6N7LGULuj3+ILhPNkLhud7EeE=
-37,-251,OZOrAqEE6PNeFfvVVUyqNl7T01k=,3b6N7LGULuj3+ILhPNkLhud7EeE=
-38,-251,OZOrAqEE6PNeFfvVVUyqNl7T01k=,3b6N7LGULuj3+ILhPNkLhud7EeE=
-47,-248,OZOrAqEE6PNeFfvVVUyqNl7T01k=,YlCD4jli+vM8TKTNPMe1BSqNSWo=
-46,-248,OZOrAqEE6PNeFfvVVUyqNl7T01k=,YlCD4jli+vM8TKTNPMe1BSqNSWo=
-45,-248,OZOrAqEE6PNeFfvVVUyqNl7T01k=,YlCD4jli+vM8TKTNPMe1BSqNSWo=
-40,-241,OZOrAqEE6PNeFfvVVUyqNl7T01k=,7xkDZXE/k5TDXrhTQYeib5iKXd0=
-48,-247,OZOrAqEE6PNeFfvVVUyqNl7T01k=,YlCD4jli+vM8TKTNPMe1BSqNSWo=
-48,-241,OZOrAqEE6PNeFfvVVUyqNl7T01k=,YlCD4jli+vM8TKTNPMe1BSqNSWo=
-47,-247,OZOrAqEE6PNeFfvVVUyqNl7T01k=,YlCD4jli+vM8TKTNPMe1BSqNSWo=
-47,-241,OZOrAqEE6PNeFfvVVUyqNl7T01k=,YlCD4jli+vM8TKTNPMe1BSqNSWo=
-46,-241,OZOrAqEE6PNeFfvVVUyqNl7T01k=,YlCD4jli+vM8TKTNPMe1BSqNSWo=
-46,-247,OZOrAqEE6PNeFfvVVUyqNl7T01k=,YlCD4jli+vM8TKTNPMe1BSqNSWo=
-45,-241,OZOrAqEE6PNeFfvVVUyqNl7T01k=,YlCD4jli+vM8TKTNPMe1BSqNSWo=
-44,-241,OZOrAqEE6PNeFfvVVUyqNl7T01k=,YlCD4jli+vM8TKTNPMe1BSqNSWo=
-45,-247,OZOrAqEE6PNeFfvVVUyqNl7T01k=,YlCD4jli+vM8TKTNPMe1BSqNSWo=
-43,-241,OZOrAqEE6PNeFfvVVUyqNl7T01k=,YlCD4jli+vM8TKTNPMe1BSqNSWo=
-42,-241,OZOrAqEE6PNeFfvVVUyqNl7T01k=,YlCD4jli+vM8TKTNPMe1BSqNSWo=
-41,-241,OZOrAqEE6PNeFfvVVUyqNl7T01k=,YlCD4jli+vM8TKTNPMe1BSqNSWo=
-45,-242,OZOrAqEE6PNeFfvVVUyqNl7T01k=,YlCD4jli+vM8TKTNPMe1BSqNSWo=
-46,-242,OZOrAqEE6PNeFfvVVUyqNl7T01k=,YlCD4jli+vM8TKTNPMe1BSqNSWo=
-47,-242,OZOrAqEE6PNeFfvVVUyqNl7T01k=,YlCD4jli+vM8TKTNPMe1BSqNSWo=
-48,-242,OZOrAqEE6PNeFfvVVUyqNl7T01k=,YlCD4jli+vM8TKTNPMe1BSqNSWo=
-45,-243,OZOrAqEE6PNeFfvVVUyqNl7T01k=,YlCD4jli+vM8TKTNPMe1BSqNSWo=
-46,-243,OZOrAqEE6PNeFfvVVUyqNl7T01k=,YlCD4jli+vM8TKTNPMe1BSqNSWo=
-47,-243,OZOrAqEE6PNeFfvVVUyqNl7T01k=,YlCD4jli+vM8TKTNPMe1BSqNSWo=
-48,-243,OZOrAqEE6PNeFfvVVUyqNl7T01k=,YlCD4jli+vM8TKTNPMe1BSqNSWo=
-45,-244,OZOrAqEE6PNeFfvVVUyqNl7T01k=,YlCD4jli+vM8TKTNPMe1BSqNSWo=
-46,-244,OZOrAqEE6PNeFfvVVUyqNl7T01k=,YlCD4jli+vM8TKTNPMe1BSqNSWo=
-47,-244,OZOrAqEE6PNeFfvVVUyqNl7T01k=,YlCD4jli+vM8TKTNPMe1BSqNSWo=
-48,-244,OZOrAqEE6PNeFfvVVUyqNl7T01k=,YlCD4jli+vM8TKTNPMe1BSqNSWo=
-45,-249,OZOrAqEE6PNeFfvVVUyqNl7T01k=,zdmIicJX3Dr6CmYs64NLFs0ec7I=
-47,-249,OZOrAqEE6PNeFfvVVUyqNl7T01k=,zdmIicJX3Dr6CmYs64NLFs0ec7I=
-46,-249,OZOrAqEE6PNeFfvVVUyqNl7T01k=,zdmIicJX3Dr6CmYs64NLFs0ec7I=
-45,-245,OZOrAqEE6PNeFfvVVUyqNl7T01k=,YlCD4jli+vM8TKTNPMe1BSqNSWo=
-46,-245,OZOrAqEE6PNeFfvVVUyqNl7T01k=,YlCD4jli+vM8TKTNPMe1BSqNSWo=
-47,-245,OZOrAqEE6PNeFfvVVUyqNl7T01k=,YlCD4jli+vM8TKTNPMe1BSqNSWo=
-48,-245,OZOrAqEE6PNeFfvVVUyqNl7T01k=,YlCD4jli+vM8TKTNPMe1BSqNSWo=
-45,-246,OZOrAqEE6PNeFfvVVUyqNl7T01k=,YlCD4jli+vM8TKTNPMe1BSqNSWo=
-48,-246,OZOrAqEE6PNeFfvVVUyqNl7T01k=,YlCD4jli+vM8TKTNPMe1BSqNSWo=
-46,-246,OZOrAqEE6PNeFfvVVUyqNl7T01k=,YlCD4jli+vM8TKTNPMe1BSqNSWo=
-47,-246,OZOrAqEE6PNeFfvVVUyqNl7T01k=,YlCD4jli+vM8TKTNPMe1BSqNSWo=
-37,-249,OZOrAqEE6PNeFfvVVUyqNl7T01k=,3b6N7LGULuj3+ILhPNkLhud7EeE=
-37,-247,OZOrAqEE6PNeFfvVVUyqNl7T01k=,7xkDZXE/k5TDXrhTQYeib5iKXd0=
-37,-244,OZOrAqEE6PNeFfvVVUyqNl7T01k=,7xkDZXE/k5TDXrhTQYeib5iKXd0=
-37,-246,OZOrAqEE6PNeFfvVVUyqNl7T01k=,7xkDZXE/k5TDXrhTQYeib5iKXd0=
-37,-248,OZOrAqEE6PNeFfvVVUyqNl7T01k=,7xkDZXE/k5TDXrhTQYeib5iKXd0=
-37,-245,OZOrAqEE6PNeFfvVVUyqNl7T01k=,7xkDZXE/k5TDXrhTQYeib5iKXd0=
-44,-249,OZOrAqEE6PNeFfvVVUyqNl7T01k=,zdmIicJX3Dr6CmYs64NLFs0ec7I=
-43,-249,OZOrAqEE6PNeFfvVVUyqNl7T01k=,zdmIicJX3Dr6CmYs64NLFs0ec7I=
-42,-249,OZOrAqEE6PNeFfvVVUyqNl7T01k=,zdmIicJX3Dr6CmYs64NLFs0ec7I=
-38,-249,OZOrAqEE6PNeFfvVVUyqNl7T01k=,3b6N7LGULuj3+ILhPNkLhud7EeE=
-48,-248,OZOrAqEE6PNeFfvVVUyqNl7T01k=,YlCD4jli+vM8TKTNPMe1BSqNSWo=
-48,-253,OZOrAqEE6PNeFfvVVUyqNl7T01k=,zdmIicJX3Dr6CmYs64NLFs0ec7I=
-48,-252,OZOrAqEE6PNeFfvVVUyqNl7T01k=,zdmIicJX3Dr6CmYs64NLFs0ec7I=
-48,-251,OZOrAqEE6PNeFfvVVUyqNl7T01k=,zdmIicJX3Dr6CmYs64NLFs0ec7I=
-48,-250,OZOrAqEE6PNeFfvVVUyqNl7T01k=,zdmIicJX3Dr6CmYs64NLFs0ec7I=
-48,-249,OZOrAqEE6PNeFfvVVUyqNl7T01k=,zdmIicJX3Dr6CmYs64NLFs0ec7I=
-48,-256,OZOrAqEE6PNeFfvVVUyqNl7T01k=,zdmIicJX3Dr6CmYs64NLFs0ec7I=
-48,-255,OZOrAqEE6PNeFfvVVUyqNl7T01k=,zdmIicJX3Dr6CmYs64NLFs0ec7I=
-48,-254,OZOrAqEE6PNeFfvVVUyqNl7T01k=,zdmIicJX3Dr6CmYs64NLFs0ec7I=
-37,-242,OZOrAqEE6PNeFfvVVUyqNl7T01k=,7xkDZXE/k5TDXrhTQYeib5iKXd0=
-41,-249,OZOrAqEE6PNeFfvVVUyqNl7T01k=,zdmIicJX3Dr6CmYs64NLFs0ec7I=
-40,-249,OZOrAqEE6PNeFfvVVUyqNl7T01k=,3b6N7LGULuj3+ILhPNkLhud7EeE=
-38,-242,OZOrAqEE6PNeFfvVVUyqNl7T01k=,7xkDZXE/k5TDXrhTQYeib5iKXd0=
-39,-249,OZOrAqEE6PNeFfvVVUyqNl7T01k=,3b6N7LGULuj3+ILhPNkLhud7EeE=
-44,-246,OZOrAqEE6PNeFfvVVUyqNl7T01k=,YlCD4jli+vM8TKTNPMe1BSqNSWo=
-37,-243,OZOrAqEE6PNeFfvVVUyqNl7T01k=,7xkDZXE/k5TDXrhTQYeib5iKXd0=
-38,-245,OZOrAqEE6PNeFfvVVUyqNl7T01k=,7xkDZXE/k5TDXrhTQYeib5iKXd0=
-39,-246,OZOrAqEE6PNeFfvVVUyqNl7T01k=,7xkDZXE/k5TDXrhTQYeib5iKXd0=
-39,-247,OZOrAqEE6PNeFfvVVUyqNl7T01k=,7xkDZXE/k5TDXrhTQYeib5iKXd0=
-38,-246,OZOrAqEE6PNeFfvVVUyqNl7T01k=,7xkDZXE/k5TDXrhTQYeib5iKXd0=
-39,-242,OZOrAqEE6PNeFfvVVUyqNl7T01k=,7xkDZXE/k5TDXrhTQYeib5iKXd0=
-42,-242,OZOrAqEE6PNeFfvVVUyqNl7T01k=,YlCD4jli+vM8TKTNPMe1BSqNSWo=
-44,-242,OZOrAqEE6PNeFfvVVUyqNl7T01k=,YlCD4jli+vM8TKTNPMe1BSqNSWo=
-43,-242,OZOrAqEE6PNeFfvVVUyqNl7T01k=,YlCD4jli+vM8TKTNPMe1BSqNSWo=
-38,-248,OZOrAqEE6PNeFfvVVUyqNl7T01k=,7xkDZXE/k5TDXrhTQYeib5iKXd0=
-38,-244,OZOrAqEE6PNeFfvVVUyqNl7T01k=,7xkDZXE/k5TDXrhTQYeib5iKXd0=
-39,-248,OZOrAqEE6PNeFfvVVUyqNl7T01k=,7xkDZXE/k5TDXrhTQYeib5iKXd0=
-39,-244,OZOrAqEE6PNeFfvVVUyqNl7T01k=,7xkDZXE/k5TDXrhTQYeib5iKXd0=
-38,-247,OZOrAqEE6PNeFfvVVUyqNl7T01k=,7xkDZXE/k5TDXrhTQYeib5iKXd0=
-41,-242,OZOrAqEE6PNeFfvVVUyqNl7T01k=,YlCD4jli+vM8TKTNPMe1BSqNSWo=
-44,-248,OZOrAqEE6PNeFfvVVUyqNl7T01k=,YlCD4jli+vM8TKTNPMe1BSqNSWo=
-43,-248,OZOrAqEE6PNeFfvVVUyqNl7T01k=,YlCD4jli+vM8TKTNPMe1BSqNSWo=
-40,-242,OZOrAqEE6PNeFfvVVUyqNl7T01k=,7xkDZXE/k5TDXrhTQYeib5iKXd0=
-42,-248,OZOrAqEE6PNeFfvVVUyqNl7T01k=,YlCD4jli+vM8TKTNPMe1BSqNSWo=
-39,-243,OZOrAqEE6PNeFfvVVUyqNl7T01k=,7xkDZXE/k5TDXrhTQYeib5iKXd0=
-44,-247,OZOrAqEE6PNeFfvVVUyqNl7T01k=,YlCD4jli+vM8TKTNPMe1BSqNSWo=
-40,-246,OZOrAqEE6PNeFfvVVUyqNl7T01k=,7xkDZXE/k5TDXrhTQYeib5iKXd0=
-39,-245,OZOrAqEE6PNeFfvVVUyqNl7T01k=,7xkDZXE/k5TDXrhTQYeib5iKXd0=
-43,-247,OZOrAqEE6PNeFfvVVUyqNl7T01k=,YlCD4jli+vM8TKTNPMe1BSqNSWo=
-38,-243,OZOrAqEE6PNeFfvVVUyqNl7T01k=,7xkDZXE/k5TDXrhTQYeib5iKXd0=
-41,-248,OZOrAqEE6PNeFfvVVUyqNl7T01k=,YlCD4jli+vM8TKTNPMe1BSqNSWo=
-43,-246,OZOrAqEE6PNeFfvVVUyqNl7T01k=,YlCD4jli+vM8TKTNPMe1BSqNSWo=
-42,-247,OZOrAqEE6PNeFfvVVUyqNl7T01k=,YlCD4jli+vM8TKTNPMe1BSqNSWo=
-44,-243,OZOrAqEE6PNeFfvVVUyqNl7T01k=,YlCD4jli+vM8TKTNPMe1BSqNSWo=
-41,-247,OZOrAqEE6PNeFfvVVUyqNl7T01k=,YlCD4jli+vM8TKTNPMe1BSqNSWo=
-40,-243,OZOrAqEE6PNeFfvVVUyqNl7T01k=,7xkDZXE/k5TDXrhTQYeib5iKXd0=
-40,-247,OZOrAqEE6PNeFfvVVUyqNl7T01k=,7xkDZXE/k5TDXrhTQYeib5iKXd0=
-41,-243,OZOrAqEE6PNeFfvVVUyqNl7T01k=,YlCD4jli+vM8TKTNPMe1BSqNSWo=
-43,-243,OZOrAqEE6PNeFfvVVUyqNl7T01k=,YlCD4jli+vM8TKTNPMe1BSqNSWo=
-40,-248,OZOrAqEE6PNeFfvVVUyqNl7T01k=,7xkDZXE/k5TDXrhTQYeib5iKXd0=
-44,-244,OZOrAqEE6PNeFfvVVUyqNl7T01k=,YlCD4jli+vM8TKTNPMe1BSqNSWo=
-41,-244,OZOrAqEE6PNeFfvVVUyqNl7T01k=,YlCD4jli+vM8TKTNPMe1BSqNSWo=
-42,-243,OZOrAqEE6PNeFfvVVUyqNl7T01k=,YlCD4jli+vM8TKTNPMe1BSqNSWo=
-42,-244,OZOrAqEE6PNeFfvVVUyqNl7T01k=,YlCD4jli+vM8TKTNPMe1BSqNSWo=
-41,-245,OZOrAqEE6PNeFfvVVUyqNl7T01k=,YlCD4jli+vM8TKTNPMe1BSqNSWo=
-40,-245,OZOrAqEE6PNeFfvVVUyqNl7T01k=,7xkDZXE/k5TDXrhTQYeib5iKXd0=
-44,-245,OZOrAqEE6PNeFfvVVUyqNl7T01k=,YlCD4jli+vM8TKTNPMe1BSqNSWo=
-43,-244,OZOrAqEE6PNeFfvVVUyqNl7T01k=,YlCD4jli+vM8TKTNPMe1BSqNSWo=
-40,-244,OZOrAqEE6PNeFfvVVUyqNl7T01k=,7xkDZXE/k5TDXrhTQYeib5iKXd0=
-42,-245,OZOrAqEE6PNeFfvVVUyqNl7T01k=,YlCD4jli+vM8TKTNPMe1BSqNSWo=
-42,-246,OZOrAqEE6PNeFfvVVUyqNl7T01k=,YlCD4jli+vM8TKTNPMe1BSqNSWo=
-43,-245,OZOrAqEE6PNeFfvVVUyqNl7T01k=,YlCD4jli+vM8TKTNPMe1BSqNSWo=
-41,-246,OZOrAqEE6PNeFfvVVUyqNl7T01k=,YlCD4jli+vM8TKTNPMe1BSqNSWo=
-60,-242,IIu7OSFiQz3EvjfyVzk/cRr1DZ8=,b0azjnRBUloDsAu9k/F61W+Qb1I=
-59,-245,E/fPvD98hgPTHEuUNVDuD9u1+pI=,b0azjnRBUloDsAu9k/F61W+Qb1I=
-61,-242,E/fPvD98hgPTHEuUNVDuD9u1+pI=,b0azjnRBUloDsAu9k/F61W+Qb1I=
-60,-245,NATXMo70viFtFxCCPFvXNUi4460=,b0azjnRBUloDsAu9k/F61W+Qb1I=
-62,-242,NATXMo70viFtFxCCPFvXNUi4460=,b0azjnRBUloDsAu9k/F61W+Qb1I=
-63,-242,NATXMo70viFtFxCCPFvXNUi4460=,b0azjnRBUloDsAu9k/F61W+Qb1I=
-58,-243,pDrD7u5IGkOr87Ynxfx7Q4Crjj4=,b0azjnRBUloDsAu9k/F61W+Qb1I=
-61,-245,pDrD7u5IGkOr87Ynxfx7Q4Crjj4=,b0azjnRBUloDsAu9k/F61W+Qb1I=
-59,-243,pDrD7u5IGkOr87Ynxfx7Q4Crjj4=,b0azjnRBUloDsAu9k/F61W+Qb1I=
-60,-243,pDrD7u5IGkOr87Ynxfx7Q4Crjj4=,b0azjnRBUloDsAu9k/F61W+Qb1I=
-61,-243,pDrD7u5IGkOr87Ynxfx7Q4Crjj4=,b0azjnRBUloDsAu9k/F61W+Qb1I=
-62,-243,pDrD7u5IGkOr87Ynxfx7Q4Crjj4=,b0azjnRBUloDsAu9k/F61W+Qb1I=
-58,-244,pDrD7u5IGkOr87Ynxfx7Q4Crjj4=,b0azjnRBUloDsAu9k/F61W+Qb1I=
-59,-244,pDrD7u5IGkOr87Ynxfx7Q4Crjj4=,b0azjnRBUloDsAu9k/F61W+Qb1I=
-63,-243,pDrD7u5IGkOr87Ynxfx7Q4Crjj4=,b0azjnRBUloDsAu9k/F61W+Qb1I=
-60,-244,pDrD7u5IGkOr87Ynxfx7Q4Crjj4=,b0azjnRBUloDsAu9k/F61W+Qb1I=
-61,-244,pDrD7u5IGkOr87Ynxfx7Q4Crjj4=,b0azjnRBUloDsAu9k/F61W+Qb1I=
-62,-245,pDrD7u5IGkOr87Ynxfx7Q4Crjj4=,b0azjnRBUloDsAu9k/F61W+Qb1I=
-62,-244,pDrD7u5IGkOr87Ynxfx7Q4Crjj4=,b0azjnRBUloDsAu9k/F61W+Qb1I=
-63,-244,pDrD7u5IGkOr87Ynxfx7Q4Crjj4=,b0azjnRBUloDsAu9k/F61W+Qb1I=
-63,-245,pDrD7u5IGkOr87Ynxfx7Q4Crjj4=,b0azjnRBUloDsAu9k/F61W+Qb1I=
-58,-245,pDrD7u5IGkOr87Ynxfx7Q4Crjj4=,b0azjnRBUloDsAu9k/F61W+Qb1I=
-58,-246,pDrD7u5IGkOr87Ynxfx7Q4Crjj4=,b0azjnRBUloDsAu9k/F61W+Qb1I=
-59,-246,pDrD7u5IGkOr87Ynxfx7Q4Crjj4=,b0azjnRBUloDsAu9k/F61W+Qb1I=
-61,-246,pDrD7u5IGkOr87Ynxfx7Q4Crjj4=,b0azjnRBUloDsAu9k/F61W+Qb1I=
-62,-246,pDrD7u5IGkOr87Ynxfx7Q4Crjj4=,b0azjnRBUloDsAu9k/F61W+Qb1I=
-63,-246,pDrD7u5IGkOr87Ynxfx7Q4Crjj4=,b0azjnRBUloDsAu9k/F61W+Qb1I=
-60,-246,pDrD7u5IGkOr87Ynxfx7Q4Crjj4=,b0azjnRBUloDsAu9k/F61W+Qb1I=
-59,-247,pDrD7u5IGkOr87Ynxfx7Q4Crjj4=,b0azjnRBUloDsAu9k/F61W+Qb1I=
-58,-247,pDrD7u5IGkOr87Ynxfx7Q4Crjj4=,b0azjnRBUloDsAu9k/F61W+Qb1I=
-58,-241,pDrD7u5IGkOr87Ynxfx7Q4Crjj4=,b0azjnRBUloDsAu9k/F61W+Qb1I=
-59,-241,pDrD7u5IGkOr87Ynxfx7Q4Crjj4=,b0azjnRBUloDsAu9k/F61W+Qb1I=
-60,-247,pDrD7u5IGkOr87Ynxfx7Q4Crjj4=,b0azjnRBUloDsAu9k/F61W+Qb1I=
-62,-247,pDrD7u5IGkOr87Ynxfx7Q4Crjj4=,b0azjnRBUloDsAu9k/F61W+Qb1I=
-63,-247,pDrD7u5IGkOr87Ynxfx7Q4Crjj4=,b0azjnRBUloDsAu9k/F61W+Qb1I=
-61,-247,pDrD7u5IGkOr87Ynxfx7Q4Crjj4=,b0azjnRBUloDsAu9k/F61W+Qb1I=
-60,-241,pDrD7u5IGkOr87Ynxfx7Q4Crjj4=,b0azjnRBUloDsAu9k/F61W+Qb1I=
-61,-241,pDrD7u5IGkOr87Ynxfx7Q4Crjj4=,b0azjnRBUloDsAu9k/F61W+Qb1I=
-62,-241,pDrD7u5IGkOr87Ynxfx7Q4Crjj4=,b0azjnRBUloDsAu9k/F61W+Qb1I=
-63,-241,pDrD7u5IGkOr87Ynxfx7Q4Crjj4=,b0azjnRBUloDsAu9k/F61W+Qb1I=
-59,-242,pDrD7u5IGkOr87Ynxfx7Q4Crjj4=,b0azjnRBUloDsAu9k/F61W+Qb1I=
-58,-242,pDrD7u5IGkOr87Ynxfx7Q4Crjj4=,b0azjnRBUloDsAu9k/F61W+Qb1I=
-64,-247,pDrD7u5IGkOr87Ynxfx7Q4Crjj4=,b0azjnRBUloDsAu9k/F61W+Qb1I=
-64,-246,pDrD7u5IGkOr87Ynxfx7Q4Crjj4=,b0azjnRBUloDsAu9k/F61W+Qb1I=
-64,-245,pDrD7u5IGkOr87Ynxfx7Q4Crjj4=,b0azjnRBUloDsAu9k/F61W+Qb1I=
-64,-244,pDrD7u5IGkOr87Ynxfx7Q4Crjj4=,b0azjnRBUloDsAu9k/F61W+Qb1I=
-64,-243,pDrD7u5IGkOr87Ynxfx7Q4Crjj4=,b0azjnRBUloDsAu9k/F61W+Qb1I=
-64,-242,pDrD7u5IGkOr87Ynxfx7Q4Crjj4=,b0azjnRBUloDsAu9k/F61W+Qb1I=
-64,-250,pDrD7u5IGkOr87Ynxfx7Q4Crjj4=,9buLN8lMfPY4XSf666Vc+FVymkY=
-63,-250,pDrD7u5IGkOr87Ynxfx7Q4Crjj4=,9buLN8lMfPY4XSf666Vc+FVymkY=
-62,-250,pDrD7u5IGkOr87Ynxfx7Q4Crjj4=,9buLN8lMfPY4XSf666Vc+FVymkY=
-60,-250,pDrD7u5IGkOr87Ynxfx7Q4Crjj4=,9buLN8lMfPY4XSf666Vc+FVymkY=
-61,-250,pDrD7u5IGkOr87Ynxfx7Q4Crjj4=,9buLN8lMfPY4XSf666Vc+FVymkY=
-59,-250,pDrD7u5IGkOr87Ynxfx7Q4Crjj4=,9buLN8lMfPY4XSf666Vc+FVymkY=
-64,-249,pDrD7u5IGkOr87Ynxfx7Q4Crjj4=,9buLN8lMfPY4XSf666Vc+FVymkY=
-58,-250,pDrD7u5IGkOr87Ynxfx7Q4Crjj4=,9buLN8lMfPY4XSf666Vc+FVymkY=
-63,-249,pDrD7u5IGkOr87Ynxfx7Q4Crjj4=,9buLN8lMfPY4XSf666Vc+FVymkY=
-62,-249,pDrD7u5IGkOr87Ynxfx7Q4Crjj4=,9buLN8lMfPY4XSf666Vc+FVymkY=
-61,-249,pDrD7u5IGkOr87Ynxfx7Q4Crjj4=,9buLN8lMfPY4XSf666Vc+FVymkY=
-60,-249,pDrD7u5IGkOr87Ynxfx7Q4Crjj4=,9buLN8lMfPY4XSf666Vc+FVymkY=
-58,-249,pDrD7u5IGkOr87Ynxfx7Q4Crjj4=,9buLN8lMfPY4XSf666Vc+FVymkY=
-64,-248,pDrD7u5IGkOr87Ynxfx7Q4Crjj4=,b0azjnRBUloDsAu9k/F61W+Qb1I=
-63,-248,pDrD7u5IGkOr87Ynxfx7Q4Crjj4=,b0azjnRBUloDsAu9k/F61W+Qb1I=
-59,-249,pDrD7u5IGkOr87Ynxfx7Q4Crjj4=,9buLN8lMfPY4XSf666Vc+FVymkY=
-62,-248,pDrD7u5IGkOr87Ynxfx7Q4Crjj4=,b0azjnRBUloDsAu9k/F61W+Qb1I=
-61,-248,pDrD7u5IGkOr87Ynxfx7Q4Crjj4=,b0azjnRBUloDsAu9k/F61W+Qb1I=
-60,-248,pDrD7u5IGkOr87Ynxfx7Q4Crjj4=,b0azjnRBUloDsAu9k/F61W+Qb1I=
-59,-248,pDrD7u5IGkOr87Ynxfx7Q4Crjj4=,b0azjnRBUloDsAu9k/F61W+Qb1I=
-63,-256,pDrD7u5IGkOr87Ynxfx7Q4Crjj4=,9buLN8lMfPY4XSf666Vc+FVymkY=
-62,-256,pDrD7u5IGkOr87Ynxfx7Q4Crjj4=,9buLN8lMfPY4XSf666Vc+FVymkY=
-58,-248,pDrD7u5IGkOr87Ynxfx7Q4Crjj4=,b0azjnRBUloDsAu9k/F61W+Qb1I=
-61,-256,pDrD7u5IGkOr87Ynxfx7Q4Crjj4=,9buLN8lMfPY4XSf666Vc+FVymkY=
-60,-256,pDrD7u5IGkOr87Ynxfx7Q4Crjj4=,9buLN8lMfPY4XSf666Vc+FVymkY=
-59,-256,pDrD7u5IGkOr87Ynxfx7Q4Crjj4=,9buLN8lMfPY4XSf666Vc+FVymkY=
-58,-256,pDrD7u5IGkOr87Ynxfx7Q4Crjj4=,9buLN8lMfPY4XSf666Vc+FVymkY=
-64,-255,pDrD7u5IGkOr87Ynxfx7Q4Crjj4=,9buLN8lMfPY4XSf666Vc+FVymkY=
-63,-255,pDrD7u5IGkOr87Ynxfx7Q4Crjj4=,9buLN8lMfPY4XSf666Vc+FVymkY=
-62,-255,pDrD7u5IGkOr87Ynxfx7Q4Crjj4=,9buLN8lMfPY4XSf666Vc+FVymkY=
-61,-255,pDrD7u5IGkOr87Ynxfx7Q4Crjj4=,9buLN8lMfPY4XSf666Vc+FVymkY=
-60,-255,pDrD7u5IGkOr87Ynxfx7Q4Crjj4=,9buLN8lMfPY4XSf666Vc+FVymkY=
-59,-255,pDrD7u5IGkOr87Ynxfx7Q4Crjj4=,9buLN8lMfPY4XSf666Vc+FVymkY=
-58,-255,pDrD7u5IGkOr87Ynxfx7Q4Crjj4=,9buLN8lMfPY4XSf666Vc+FVymkY=
-64,-254,pDrD7u5IGkOr87Ynxfx7Q4Crjj4=,9buLN8lMfPY4XSf666Vc+FVymkY=
-63,-254,pDrD7u5IGkOr87Ynxfx7Q4Crjj4=,9buLN8lMfPY4XSf666Vc+FVymkY=
-62,-254,pDrD7u5IGkOr87Ynxfx7Q4Crjj4=,9buLN8lMfPY4XSf666Vc+FVymkY=
-61,-254,pDrD7u5IGkOr87Ynxfx7Q4Crjj4=,9buLN8lMfPY4XSf666Vc+FVymkY=
-60,-254,pDrD7u5IGkOr87Ynxfx7Q4Crjj4=,9buLN8lMfPY4XSf666Vc+FVymkY=
-59,-254,pDrD7u5IGkOr87Ynxfx7Q4Crjj4=,9buLN8lMfPY4XSf666Vc+FVymkY=
-58,-254,pDrD7u5IGkOr87Ynxfx7Q4Crjj4=,9buLN8lMfPY4XSf666Vc+FVymkY=
-64,-253,pDrD7u5IGkOr87Ynxfx7Q4Crjj4=,9buLN8lMfPY4XSf666Vc+FVymkY=
-63,-253,pDrD7u5IGkOr87Ynxfx7Q4Crjj4=,9buLN8lMfPY4XSf666Vc+FVymkY=
-62,-253,pDrD7u5IGkOr87Ynxfx7Q4Crjj4=,9buLN8lMfPY4XSf666Vc+FVymkY=
-61,-253,pDrD7u5IGkOr87Ynxfx7Q4Crjj4=,9buLN8lMfPY4XSf666Vc+FVymkY=
-60,-253,pDrD7u5IGkOr87Ynxfx7Q4Crjj4=,9buLN8lMfPY4XSf666Vc+FVymkY=
-59,-253,pDrD7u5IGkOr87Ynxfx7Q4Crjj4=,9buLN8lMfPY4XSf666Vc+FVymkY=
-58,-253,pDrD7u5IGkOr87Ynxfx7Q4Crjj4=,9buLN8lMfPY4XSf666Vc+FVymkY=
-64,-252,pDrD7u5IGkOr87Ynxfx7Q4Crjj4=,9buLN8lMfPY4XSf666Vc+FVymkY=
-63,-252,pDrD7u5IGkOr87Ynxfx7Q4Crjj4=,9buLN8lMfPY4XSf666Vc+FVymkY=
-62,-252,pDrD7u5IGkOr87Ynxfx7Q4Crjj4=,9buLN8lMfPY4XSf666Vc+FVymkY=
-61,-252,pDrD7u5IGkOr87Ynxfx7Q4Crjj4=,9buLN8lMfPY4XSf666Vc+FVymkY=
-60,-252,pDrD7u5IGkOr87Ynxfx7Q4Crjj4=,9buLN8lMfPY4XSf666Vc+FVymkY=
-59,-252,pDrD7u5IGkOr87Ynxfx7Q4Crjj4=,9buLN8lMfPY4XSf666Vc+FVymkY=
-58,-252,pDrD7u5IGkOr87Ynxfx7Q4Crjj4=,9buLN8lMfPY4XSf666Vc+FVymkY=
-64,-251,pDrD7u5IGkOr87Ynxfx7Q4Crjj4=,9buLN8lMfPY4XSf666Vc+FVymkY=
-63,-251,pDrD7u5IGkOr87Ynxfx7Q4Crjj4=,9buLN8lMfPY4XSf666Vc+FVymkY=
-62,-251,pDrD7u5IGkOr87Ynxfx7Q4Crjj4=,9buLN8lMfPY4XSf666Vc+FVymkY=
-61,-251,pDrD7u5IGkOr87Ynxfx7Q4Crjj4=,9buLN8lMfPY4XSf666Vc+FVymkY=
-60,-251,pDrD7u5IGkOr87Ynxfx7Q4Crjj4=,9buLN8lMfPY4XSf666Vc+FVymkY=
-59,-251,pDrD7u5IGkOr87Ynxfx7Q4Crjj4=,9buLN8lMfPY4XSf666Vc+FVymkY=
-58,-251,pDrD7u5IGkOr87Ynxfx7Q4Crjj4=,9buLN8lMfPY4XSf666Vc+FVymkY=
-64,-256,pDrD7u5IGkOr87Ynxfx7Q4Crjj4=,9buLN8lMfPY4XSf666Vc+FVymkY=
-64,-241,pDrD7u5IGkOr87Ynxfx7Q4Crjj4=,b0azjnRBUloDsAu9k/F61W+Qb1I=
-52,-245,pDrD7u5IGkOr87Ynxfx7Q4Crjj4=,UFQyRey9W9sVRKIXxtPePO+hHcg=
-54,-246,pDrD7u5IGkOr87Ynxfx7Q4Crjj4=,UFQyRey9W9sVRKIXxtPePO+hHcg=
-50,-242,pDrD7u5IGkOr87Ynxfx7Q4Crjj4=,UFQyRey9W9sVRKIXxtPePO+hHcg=
-50,-243,pDrD7u5IGkOr87Ynxfx7Q4Crjj4=,UFQyRey9W9sVRKIXxtPePO+hHcg=
-56,-241,pDrD7u5IGkOr87Ynxfx7Q4Crjj4=,UFQyRey9W9sVRKIXxtPePO+hHcg=
-55,-241,pDrD7u5IGkOr87Ynxfx7Q4Crjj4=,UFQyRey9W9sVRKIXxtPePO+hHcg=
-51,-245,pDrD7u5IGkOr87Ynxfx7Q4Crjj4=,UFQyRey9W9sVRKIXxtPePO+hHcg=
-54,-241,pDrD7u5IGkOr87Ynxfx7Q4Crjj4=,UFQyRey9W9sVRKIXxtPePO+hHcg=
-57,-242,pDrD7u5IGkOr87Ynxfx7Q4Crjj4=,b0azjnRBUloDsAu9k/F61W+Qb1I=
-56,-242,pDrD7u5IGkOr87Ynxfx7Q4Crjj4=,UFQyRey9W9sVRKIXxtPePO+hHcg=
-52,-244,pDrD7u5IGkOr87Ynxfx7Q4Crjj4=,UFQyRey9W9sVRKIXxtPePO+hHcg=
-54,-242,pDrD7u5IGkOr87Ynxfx7Q4Crjj4=,UFQyRey9W9sVRKIXxtPePO+hHcg=
-55,-242,pDrD7u5IGkOr87Ynxfx7Q4Crjj4=,UFQyRey9W9sVRKIXxtPePO+hHcg=
-57,-241,pDrD7u5IGkOr87Ynxfx7Q4Crjj4=,b0azjnRBUloDsAu9k/F61W+Qb1I=
-50,-245,pDrD7u5IGkOr87Ynxfx7Q4Crjj4=,UFQyRey9W9sVRKIXxtPePO+hHcg=
-53,-242,pDrD7u5IGkOr87Ynxfx7Q4Crjj4=,UFQyRey9W9sVRKIXxtPePO+hHcg=
-53,-246,pDrD7u5IGkOr87Ynxfx7Q4Crjj4=,UFQyRey9W9sVRKIXxtPePO+hHcg=
-52,-246,pDrD7u5IGkOr87Ynxfx7Q4Crjj4=,UFQyRey9W9sVRKIXxtPePO+hHcg=
-51,-246,pDrD7u5IGkOr87Ynxfx7Q4Crjj4=,UFQyRey9W9sVRKIXxtPePO+hHcg=
-52,-242,pDrD7u5IGkOr87Ynxfx7Q4Crjj4=,UFQyRey9W9sVRKIXxtPePO+hHcg=
-53,-241,pDrD7u5IGkOr87Ynxfx7Q4Crjj4=,UFQyRey9W9sVRKIXxtPePO+hHcg=
-51,-244,pDrD7u5IGkOr87Ynxfx7Q4Crjj4=,UFQyRey9W9sVRKIXxtPePO+hHcg=
-52,-241,pDrD7u5IGkOr87Ynxfx7Q4Crjj4=,UFQyRey9W9sVRKIXxtPePO+hHcg=
-57,-246,pDrD7u5IGkOr87Ynxfx7Q4Crjj4=,b0azjnRBUloDsAu9k/F61W+Qb1I=
-57,-245,pDrD7u5IGkOr87Ynxfx7Q4Crjj4=,b0azjnRBUloDsAu9k/F61W+Qb1I=
-50,-246,pDrD7u5IGkOr87Ynxfx7Q4Crjj4=,UFQyRey9W9sVRKIXxtPePO+hHcg=
-51,-241,pDrD7u5IGkOr87Ynxfx7Q4Crjj4=,UFQyRey9W9sVRKIXxtPePO+hHcg=
-51,-242,pDrD7u5IGkOr87Ynxfx7Q4Crjj4=,UFQyRey9W9sVRKIXxtPePO+hHcg=
-50,-244,pDrD7u5IGkOr87Ynxfx7Q4Crjj4=,UFQyRey9W9sVRKIXxtPePO+hHcg=
-56,-244,pDrD7u5IGkOr87Ynxfx7Q4Crjj4=,UFQyRey9W9sVRKIXxtPePO+hHcg=
-55,-244,pDrD7u5IGkOr87Ynxfx7Q4Crjj4=,UFQyRey9W9sVRKIXxtPePO+hHcg=
-54,-244,pDrD7u5IGkOr87Ynxfx7Q4Crjj4=,UFQyRey9W9sVRKIXxtPePO+hHcg=
-56,-243,pDrD7u5IGkOr87Ynxfx7Q4Crjj4=,UFQyRey9W9sVRKIXxtPePO+hHcg=
-50,-241,pDrD7u5IGkOr87Ynxfx7Q4Crjj4=,UFQyRey9W9sVRKIXxtPePO+hHcg=
-55,-243,pDrD7u5IGkOr87Ynxfx7Q4Crjj4=,UFQyRey9W9sVRKIXxtPePO+hHcg=
-57,-244,pDrD7u5IGkOr87Ynxfx7Q4Crjj4=,b0azjnRBUloDsAu9k/F61W+Qb1I=
-54,-243,pDrD7u5IGkOr87Ynxfx7Q4Crjj4=,UFQyRey9W9sVRKIXxtPePO+hHcg=
-56,-245,pDrD7u5IGkOr87Ynxfx7Q4Crjj4=,UFQyRey9W9sVRKIXxtPePO+hHcg=
-56,-246,pDrD7u5IGkOr87Ynxfx7Q4Crjj4=,UFQyRey9W9sVRKIXxtPePO+hHcg=
-55,-245,pDrD7u5IGkOr87Ynxfx7Q4Crjj4=,UFQyRey9W9sVRKIXxtPePO+hHcg=
-53,-243,pDrD7u5IGkOr87Ynxfx7Q4Crjj4=,UFQyRey9W9sVRKIXxtPePO+hHcg=
-52,-243,pDrD7u5IGkOr87Ynxfx7Q4Crjj4=,UFQyRey9W9sVRKIXxtPePO+hHcg=
-51,-243,pDrD7u5IGkOr87Ynxfx7Q4Crjj4=,UFQyRey9W9sVRKIXxtPePO+hHcg=
-57,-243,pDrD7u5IGkOr87Ynxfx7Q4Crjj4=,b0azjnRBUloDsAu9k/F61W+Qb1I=
-55,-246,pDrD7u5IGkOr87Ynxfx7Q4Crjj4=,UFQyRey9W9sVRKIXxtPePO+hHcg=
-54,-245,pDrD7u5IGkOr87Ynxfx7Q4Crjj4=,UFQyRey9W9sVRKIXxtPePO+hHcg=
-53,-244,pDrD7u5IGkOr87Ynxfx7Q4Crjj4=,UFQyRey9W9sVRKIXxtPePO+hHcg=
-53,-245,pDrD7u5IGkOr87Ynxfx7Q4Crjj4=,UFQyRey9W9sVRKIXxtPePO+hHcg=
-49,-242,pDrD7u5IGkOr87Ynxfx7Q4Crjj4=,UFQyRey9W9sVRKIXxtPePO+hHcg=
-49,-243,pDrD7u5IGkOr87Ynxfx7Q4Crjj4=,UFQyRey9W9sVRKIXxtPePO+hHcg=
-49,-245,pDrD7u5IGkOr87Ynxfx7Q4Crjj4=,UFQyRey9W9sVRKIXxtPePO+hHcg=
-49,-246,pDrD7u5IGkOr87Ynxfx7Q4Crjj4=,UFQyRey9W9sVRKIXxtPePO+hHcg=
-49,-244,pDrD7u5IGkOr87Ynxfx7Q4Crjj4=,UFQyRey9W9sVRKIXxtPePO+hHcg=
-49,-241,pDrD7u5IGkOr87Ynxfx7Q4Crjj4=,UFQyRey9W9sVRKIXxtPePO+hHcg=
-49,-247,pDrD7u5IGkOr87Ynxfx7Q4Crjj4=,UFQyRey9W9sVRKIXxtPePO+hHcg=
-56,-255,pDrD7u5IGkOr87Ynxfx7Q4Crjj4=,xHHSNDmPiQT1ijOI3ytFWErFRto=
-51,-256,pDrD7u5IGkOr87Ynxfx7Q4Crjj4=,xHHSNDmPiQT1ijOI3ytFWErFRto=
-49,-256,pDrD7u5IGkOr87Ynxfx7Q4Crjj4=,xHHSNDmPiQT1ijOI3ytFWErFRto=
-52,-256,pDrD7u5IGkOr87Ynxfx7Q4Crjj4=,xHHSNDmPiQT1ijOI3ytFWErFRto=
-50,-256,pDrD7u5IGkOr87Ynxfx7Q4Crjj4=,xHHSNDmPiQT1ijOI3ytFWErFRto=
-55,-255,pDrD7u5IGkOr87Ynxfx7Q4Crjj4=,xHHSNDmPiQT1ijOI3ytFWErFRto=
-53,-256,pDrD7u5IGkOr87Ynxfx7Q4Crjj4=,xHHSNDmPiQT1ijOI3ytFWErFRto=
-55,-256,pDrD7u5IGkOr87Ynxfx7Q4Crjj4=,xHHSNDmPiQT1ijOI3ytFWErFRto=
-56,-256,pDrD7u5IGkOr87Ynxfx7Q4Crjj4=,xHHSNDmPiQT1ijOI3ytFWErFRto=
-54,-255,pDrD7u5IGkOr87Ynxfx7Q4Crjj4=,xHHSNDmPiQT1ijOI3ytFWErFRto=
-54,-256,pDrD7u5IGkOr87Ynxfx7Q4Crjj4=,xHHSNDmPiQT1ijOI3ytFWErFRto=
-49,-248,pDrD7u5IGkOr87Ynxfx7Q4Crjj4=,UFQyRey9W9sVRKIXxtPePO+hHcg=
-53,-255,pDrD7u5IGkOr87Ynxfx7Q4Crjj4=,xHHSNDmPiQT1ijOI3ytFWErFRto=
-49,-250,pDrD7u5IGkOr87Ynxfx7Q4Crjj4=,xHHSNDmPiQT1ijOI3ytFWErFRto=
-52,-255,pDrD7u5IGkOr87Ynxfx7Q4Crjj4=,xHHSNDmPiQT1ijOI3ytFWErFRto=
-49,-251,pDrD7u5IGkOr87Ynxfx7Q4Crjj4=,xHHSNDmPiQT1ijOI3ytFWErFRto=
-57,-255,pDrD7u5IGkOr87Ynxfx7Q4Crjj4=,9buLN8lMfPY4XSf666Vc+FVymkY=
-51,-255,pDrD7u5IGkOr87Ynxfx7Q4Crjj4=,xHHSNDmPiQT1ijOI3ytFWErFRto=
-49,-252,pDrD7u5IGkOr87Ynxfx7Q4Crjj4=,xHHSNDmPiQT1ijOI3ytFWErFRto=
-49,-253,pDrD7u5IGkOr87Ynxfx7Q4Crjj4=,xHHSNDmPiQT1ijOI3ytFWErFRto=
-50,-255,pDrD7u5IGkOr87Ynxfx7Q4Crjj4=,xHHSNDmPiQT1ijOI3ytFWErFRto=
-57,-256,pDrD7u5IGkOr87Ynxfx7Q4Crjj4=,9buLN8lMfPY4XSf666Vc+FVymkY=
-49,-255,pDrD7u5IGkOr87Ynxfx7Q4Crjj4=,xHHSNDmPiQT1ijOI3ytFWErFRto=
-49,-254,pDrD7u5IGkOr87Ynxfx7Q4Crjj4=,xHHSNDmPiQT1ijOI3ytFWErFRto=
-49,-249,pDrD7u5IGkOr87Ynxfx7Q4Crjj4=,xHHSNDmPiQT1ijOI3ytFWErFRto=
-57,-247,pDrD7u5IGkOr87Ynxfx7Q4Crjj4=,b0azjnRBUloDsAu9k/F61W+Qb1I=
-57,-249,pDrD7u5IGkOr87Ynxfx7Q4Crjj4=,9buLN8lMfPY4XSf666Vc+FVymkY=
-57,-250,pDrD7u5IGkOr87Ynxfx7Q4Crjj4=,9buLN8lMfPY4XSf666Vc+FVymkY=
-57,-248,pDrD7u5IGkOr87Ynxfx7Q4Crjj4=,b0azjnRBUloDsAu9k/F61W+Qb1I=
-50,-254,pDrD7u5IGkOr87Ynxfx7Q4Crjj4=,xHHSNDmPiQT1ijOI3ytFWErFRto=
-50,-249,pDrD7u5IGkOr87Ynxfx7Q4Crjj4=,xHHSNDmPiQT1ijOI3ytFWErFRto=
-52,-254,pDrD7u5IGkOr87Ynxfx7Q4Crjj4=,xHHSNDmPiQT1ijOI3ytFWErFRto=
-55,-248,pDrD7u5IGkOr87Ynxfx7Q4Crjj4=,UFQyRey9W9sVRKIXxtPePO+hHcg=
-51,-254,pDrD7u5IGkOr87Ynxfx7Q4Crjj4=,xHHSNDmPiQT1ijOI3ytFWErFRto=
-50,-253,pDrD7u5IGkOr87Ynxfx7Q4Crjj4=,xHHSNDmPiQT1ijOI3ytFWErFRto=
-54,-254,pDrD7u5IGkOr87Ynxfx7Q4Crjj4=,xHHSNDmPiQT1ijOI3ytFWErFRto=
-53,-254,pDrD7u5IGkOr87Ynxfx7Q4Crjj4=,xHHSNDmPiQT1ijOI3ytFWErFRto=
-55,-254,pDrD7u5IGkOr87Ynxfx7Q4Crjj4=,xHHSNDmPiQT1ijOI3ytFWErFRto=
-56,-254,pDrD7u5IGkOr87Ynxfx7Q4Crjj4=,xHHSNDmPiQT1ijOI3ytFWErFRto=
-54,-247,pDrD7u5IGkOr87Ynxfx7Q4Crjj4=,UFQyRey9W9sVRKIXxtPePO+hHcg=
-57,-251,pDrD7u5IGkOr87Ynxfx7Q4Crjj4=,9buLN8lMfPY4XSf666Vc+FVymkY=
-51,-249,pDrD7u5IGkOr87Ynxfx7Q4Crjj4=,xHHSNDmPiQT1ijOI3ytFWErFRto=
-53,-253,pDrD7u5IGkOr87Ynxfx7Q4Crjj4=,xHHSNDmPiQT1ijOI3ytFWErFRto=
-56,-247,pDrD7u5IGkOr87Ynxfx7Q4Crjj4=,UFQyRey9W9sVRKIXxtPePO+hHcg=
-57,-252,pDrD7u5IGkOr87Ynxfx7Q4Crjj4=,9buLN8lMfPY4XSf666Vc+FVymkY=
-51,-253,pDrD7u5IGkOr87Ynxfx7Q4Crjj4=,xHHSNDmPiQT1ijOI3ytFWErFRto=
-55,-253,pDrD7u5IGkOr87Ynxfx7Q4Crjj4=,xHHSNDmPiQT1ijOI3ytFWErFRto=
-52,-253,pDrD7u5IGkOr87Ynxfx7Q4Crjj4=,xHHSNDmPiQT1ijOI3ytFWErFRto=
-55,-252,pDrD7u5IGkOr87Ynxfx7Q4Crjj4=,xHHSNDmPiQT1ijOI3ytFWErFRto=
-56,-252,pDrD7u5IGkOr87Ynxfx7Q4Crjj4=,xHHSNDmPiQT1ijOI3ytFWErFRto=
-50,-247,pDrD7u5IGkOr87Ynxfx7Q4Crjj4=,UFQyRey9W9sVRKIXxtPePO+hHcg=
-53,-247,pDrD7u5IGkOr87Ynxfx7Q4Crjj4=,UFQyRey9W9sVRKIXxtPePO+hHcg=
-56,-253,pDrD7u5IGkOr87Ynxfx7Q4Crjj4=,xHHSNDmPiQT1ijOI3ytFWErFRto=
-57,-253,pDrD7u5IGkOr87Ynxfx7Q4Crjj4=,9buLN8lMfPY4XSf666Vc+FVymkY=
-55,-247,pDrD7u5IGkOr87Ynxfx7Q4Crjj4=,UFQyRey9W9sVRKIXxtPePO+hHcg=
-57,-254,pDrD7u5IGkOr87Ynxfx7Q4Crjj4=,9buLN8lMfPY4XSf666Vc+FVymkY=
-51,-247,pDrD7u5IGkOr87Ynxfx7Q4Crjj4=,UFQyRey9W9sVRKIXxtPePO+hHcg=
-52,-247,pDrD7u5IGkOr87Ynxfx7Q4Crjj4=,UFQyRey9W9sVRKIXxtPePO+hHcg=
-54,-253,pDrD7u5IGkOr87Ynxfx7Q4Crjj4=,xHHSNDmPiQT1ijOI3ytFWErFRto=
-53,-249,pDrD7u5IGkOr87Ynxfx7Q4Crjj4=,xHHSNDmPiQT1ijOI3ytFWErFRto=
-54,-249,pDrD7u5IGkOr87Ynxfx7Q4Crjj4=,xHHSNDmPiQT1ijOI3ytFWErFRto=
-54,-252,pDrD7u5IGkOr87Ynxfx7Q4Crjj4=,xHHSNDmPiQT1ijOI3ytFWErFRto=
-53,-248,pDrD7u5IGkOr87Ynxfx7Q4Crjj4=,UFQyRey9W9sVRKIXxtPePO+hHcg=
-50,-250,pDrD7u5IGkOr87Ynxfx7Q4Crjj4=,xHHSNDmPiQT1ijOI3ytFWErFRto=
-51,-248,pDrD7u5IGkOr87Ynxfx7Q4Crjj4=,UFQyRey9W9sVRKIXxtPePO+hHcg=
-54,-250,pDrD7u5IGkOr87Ynxfx7Q4Crjj4=,xHHSNDmPiQT1ijOI3ytFWErFRto=
-56,-249,pDrD7u5IGkOr87Ynxfx7Q4Crjj4=,xHHSNDmPiQT1ijOI3ytFWErFRto=
-50,-248,pDrD7u5IGkOr87Ynxfx7Q4Crjj4=,UFQyRey9W9sVRKIXxtPePO+hHcg=
-53,-250,pDrD7u5IGkOr87Ynxfx7Q4Crjj4=,xHHSNDmPiQT1ijOI3ytFWErFRto=
-51,-250,pDrD7u5IGkOr87Ynxfx7Q4Crjj4=,xHHSNDmPiQT1ijOI3ytFWErFRto=
-55,-250,pDrD7u5IGkOr87Ynxfx7Q4Crjj4=,xHHSNDmPiQT1ijOI3ytFWErFRto=
-55,-249,pDrD7u5IGkOr87Ynxfx7Q4Crjj4=,xHHSNDmPiQT1ijOI3ytFWErFRto=
-52,-248,pDrD7u5IGkOr87Ynxfx7Q4Crjj4=,UFQyRey9W9sVRKIXxtPePO+hHcg=
-52,-249,pDrD7u5IGkOr87Ynxfx7Q4Crjj4=,xHHSNDmPiQT1ijOI3ytFWErFRto=
-50,-252,pDrD7u5IGkOr87Ynxfx7Q4Crjj4=,xHHSNDmPiQT1ijOI3ytFWErFRto=
-54,-248,pDrD7u5IGkOr87Ynxfx7Q4Crjj4=,UFQyRey9W9sVRKIXxtPePO+hHcg=
-55,-251,pDrD7u5IGkOr87Ynxfx7Q4Crjj4=,xHHSNDmPiQT1ijOI3ytFWErFRto=
-50,-251,pDrD7u5IGkOr87Ynxfx7Q4Crjj4=,xHHSNDmPiQT1ijOI3ytFWErFRto=
-56,-250,pDrD7u5IGkOr87Ynxfx7Q4Crjj4=,xHHSNDmPiQT1ijOI3ytFWErFRto=
-52,-250,pDrD7u5IGkOr87Ynxfx7Q4Crjj4=,xHHSNDmPiQT1ijOI3ytFWErFRto=
-52,-251,pDrD7u5IGkOr87Ynxfx7Q4Crjj4=,xHHSNDmPiQT1ijOI3ytFWErFRto=
-54,-251,pDrD7u5IGkOr87Ynxfx7Q4Crjj4=,xHHSNDmPiQT1ijOI3ytFWErFRto=
-51,-251,pDrD7u5IGkOr87Ynxfx7Q4Crjj4=,xHHSNDmPiQT1ijOI3ytFWErFRto=
-53,-251,pDrD7u5IGkOr87Ynxfx7Q4Crjj4=,xHHSNDmPiQT1ijOI3ytFWErFRto=
-56,-251,pDrD7u5IGkOr87Ynxfx7Q4Crjj4=,xHHSNDmPiQT1ijOI3ytFWErFRto=
-56,-248,pDrD7u5IGkOr87Ynxfx7Q4Crjj4=,UFQyRey9W9sVRKIXxtPePO+hHcg=
-51,-252,pDrD7u5IGkOr87Ynxfx7Q4Crjj4=,xHHSNDmPiQT1ijOI3ytFWErFRto=
-53,-252,pDrD7u5IGkOr87Ynxfx7Q4Crjj4=,xHHSNDmPiQT1ijOI3ytFWErFRto=
-52,-252,pDrD7u5IGkOr87Ynxfx7Q4Crjj4=,xHHSNDmPiQT1ijOI3ytFWErFRto=
