244,-146,E60bbfVJfr5nCEA6InRxL6nWScc=,YBuFRCu1WCw5DvkKyqUKXF3JCxw=
243,-146,E60bbfVJfr5nCEA6InRxL6nWScc=,YBuFRCu1WCw5DvkKyqUKXF3JCxw=
242,-146,E60bbfVJfr5nCEA6InRxL6nWScc=,YBuFRCu1WCw5DvkKyqUKXF3JCxw=
241,-146,E60bbfVJfr5nCEA6InRxL6nWScc=,YBuFRCu1WCw5DvkKyqUKXF3JCxw=
245,-146,E60bbfVJfr5nCEA6InRxL6nWScc=,YBuFRCu1WCw5DvkKyqUKXF3JCxw=
246,-146,E60bbfVJfr5nCEA6InRxL6nWScc=,YBuFRCu1WCw5DvkKyqUKXF3JCxw=
246,-147,N1mnPb7syhViwOmaCrk20Ub+TwE=,YBuFRCu1WCw5DvkKyqUKXF3JCxw=
241,-145,N1mnPb7syhViwOmaCrk20Ub+TwE=,YBuFRCu1WCw5DvkKyqUKXF3JCxw=
245,-147,lKtcmFMc1L3i3tHFVxI/DmkihpU=,YBuFRCu1WCw5DvkKyqUKXF3JCxw=
242,-145,lKtcmFMc1L3i3tHFVxI/DmkihpU=,YBuFRCu1WCw5DvkKyqUKXF3JCxw=
244,-147,q4/par33vk03TJhXq7pziarFT/Y=,YBuFRCu1WCw5DvkKyqUKXF3JCxw=
243,-145,q4/par33vk03TJhXq7pziarFT/Y=,YBuFRCu1WCw5DvkKyqUKXF3JCxw=
244,-145,q4/par33vk03TJhXq7pziarFT/Y=,YBuFRCu1WCw5DvkKyqUKXF3JCxw=
241,-151,q4/par33vk03TJhXq7pziarFT/Y=,YBuFRCu1WCw5DvkKyqUKXF3JCxw=
243,-151,q4/par33vk03TJhXq7pziarFT/Y=,YBuFRCu1WCw5DvkKyqUKXF3JCxw=
245,-145,q4/par33vk03TJhXq7pziarFT/Y=,YBuFRCu1WCw5DvkKyqUKXF3JCxw=
246,-145,q4/par33vk03TJhXq7pziarFT/Y=,YBuFRCu1WCw5DvkKyqUKXF3JCxw=
244,-151,q4/par33vk03TJhXq7pziarFT/Y=,YBuFRCu1WCw5DvkKyqUKXF3JCxw=
245,-151,q4/par33vk03TJhXq7pziarFT/Y=,YBuFRCu1WCw5DvkKyqUKXF3JCxw=
242,-151,q4/par33vk03TJhXq7pziarFT/Y=,YBuFRCu1WCw5DvkKyqUKXF3JCxw=
241,-150,q4/par33vk03TJhXq7pziarFT/Y=,YBuFRCu1WCw5DvkKyqUKXF3JCxw=
246,-151,q4/par33vk03TJhXq7pziarFT/Y=,YBuFRCu1WCw5DvkKyqUKXF3JCxw=
243,-147,q4/par33vk03TJhXq7pziarFT/Y=,YBuFRCu1WCw5DvkKyqUKXF3JCxw=
243,-150,q4/par33vk03TJhXq7pziarFT/Y=,YBuFRCu1WCw5DvkKyqUKXF3JCxw=
242,-150,q4/par33vk03TJhXq7pziarFT/Y=,YBuFRCu1WCw5DvkKyqUKXF3JCxw=
244,-150,q4/par33vk03TJhXq7pziarFT/Y=,YBuFRCu1WCw5DvkKyqUKXF3JCxw=
242,-147,q4/par33vk03TJhXq7pziarFT/Y=,YBuFRCu1WCw5DvkKyqUKXF3JCxw=
245,-150,q4/par33vk03TJhXq7pziarFT/Y=,YBuFRCu1WCw5DvkKyqUKXF3JCxw=
241,-149,q4/par33vk03TJhXq7pziarFT/Y=,YBuFRCu1WCw5DvkKyqUKXF3JCxw=
242,-149,q4/par33vk03TJhXq7pziarFT/Y=,YBuFRCu1WCw5DvkKyqUKXF3JCxw=
243,-149,q4/par33vk03TJhXq7pziarFT/Y=,YBuFRCu1WCw5DvkKyqUKXF3JCxw=
246,-150,q4/par33vk03TJhXq7pziarFT/Y=,YBuFRCu1WCw5DvkKyqUKXF3JCxw=
244,-149,q4/par33vk03TJhXq7pziarFT/Y=,YBuFRCu1WCw5DvkKyqUKXF3JCxw=
245,-149,q4/par33vk03TJhXq7pziarFT/Y=,YBuFRCu1WCw5DvkKyqUKXF3JCxw=
246,-149,q4/par33vk03TJhXq7pziarFT/Y=,YBuFRCu1WCw5DvkKyqUKXF3JCxw=
241,-148,q4/par33vk03TJhXq7pziarFT/Y=,YBuFRCu1WCw5DvkKyqUKXF3JCxw=
242,-148,q4/par33vk03TJhXq7pziarFT/Y=,YBuFRCu1WCw5DvkKyqUKXF3JCxw=
243,-148,q4/par33vk03TJhXq7pziarFT/Y=,YBuFRCu1WCw5DvkKyqUKXF3JCxw=
244,-148,q4/par33vk03TJhXq7pziarFT/Y=,YBuFRCu1WCw5DvkKyqUKXF3JCxw=
245,-148,q4/par33vk03TJhXq7pziarFT/Y=,YBuFRCu1WCw5DvkKyqUKXF3JCxw=
246,-148,q4/par33vk03TJhXq7pziarFT/Y=,YBuFRCu1WCw5DvkKyqUKXF3JCxw=
241,-147,q4/par33vk03TJhXq7pziarFT/Y=,YBuFRCu1WCw5DvkKyqUKXF3JCxw=
246,-153,q4/par33vk03TJhXq7pziarFT/Y=,YBuFRCu1WCw5DvkKyqUKXF3JCxw=
242,-153,q4/par33vk03TJhXq7pziarFT/Y=,YBuFRCu1WCw5DvkKyqUKXF3JCxw=
244,-153,q4/par33vk03TJhXq7pziarFT/Y=,YBuFRCu1WCw5DvkKyqUKXF3JCxw=
245,-153,q4/par33vk03TJhXq7pziarFT/Y=,YBuFRCu1WCw5DvkKyqUKXF3JCxw=
243,-153,q4/par33vk03TJhXq7pziarFT/Y=,YBuFRCu1WCw5DvkKyqUKXF3JCxw=
245,-158,q4/par33vk03TJhXq7pziarFT/Y=,YBuFRCu1WCw5DvkKyqUKXF3JCxw=
243,-158,q4/par33vk03TJhXq7pziarFT/Y=,YBuFRCu1WCw5DvkKyqUKXF3JCxw=
246,-154,q4/par33vk03TJhXq7pziarFT/Y=,YBuFRCu1WCw5DvkKyqUKXF3JCxw=
241,-152,q4/par33vk03TJhXq7pziarFT/Y=,YBuFRCu1WCw5DvkKyqUKXF3JCxw=
245,-154,q4/par33vk03TJhXq7pziarFT/Y=,YBuFRCu1WCw5DvkKyqUKXF3JCxw=
244,-158,q4/par33vk03TJhXq7pziarFT/Y=,YBuFRCu1WCw5DvkKyqUKXF3JCxw=
242,-158,q4/par33vk03TJhXq7pziarFT/Y=,YBuFRCu1WCw5DvkKyqUKXF3JCxw=
242,-154,q4/par33vk03TJhXq7pziarFT/Y=,YBuFRCu1WCw5DvkKyqUKXF3JCxw=
243,-154,q4/par33vk03TJhXq7pziarFT/Y=,YBuFRCu1WCw5DvkKyqUKXF3JCxw=
242,-152,q4/par33vk03TJhXq7pziarFT/Y=,YBuFRCu1WCw5DvkKyqUKXF3JCxw=
244,-154,q4/par33vk03TJhXq7pziarFT/Y=,YBuFRCu1WCw5DvkKyqUKXF3JCxw=
241,-158,q4/par33vk03TJhXq7pziarFT/Y=,YBuFRCu1WCw5DvkKyqUKXF3JCxw=
241,-153,q4/par33vk03TJhXq7pziarFT/Y=,YBuFRCu1WCw5DvkKyqUKXF3JCxw=
241,-154,q4/par33vk03TJhXq7pziarFT/Y=,YBuFRCu1WCw5DvkKyqUKXF3JCxw=
245,-155,q4/par33vk03TJhXq7pziarFT/Y=,YBuFRCu1WCw5DvkKyqUKXF3JCxw=
243,-152,q4/par33vk03TJhXq7pziarFT/Y=,YBuFRCu1WCw5DvkKyqUKXF3JCxw=
246,-155,q4/par33vk03TJhXq7pziarFT/Y=,YBuFRCu1WCw5DvkKyqUKXF3JCxw=
245,-159,q4/par33vk03TJhXq7pziarFT/Y=,YBuFRCu1WCw5DvkKyqUKXF3JCxw=
244,-159,q4/par33vk03TJhXq7pziarFT/Y=,YBuFRCu1WCw5DvkKyqUKXF3JCxw=
244,-155,q4/par33vk03TJhXq7pziarFT/Y=,YBuFRCu1WCw5DvkKyqUKXF3JCxw=
243,-159,q4/par33vk03TJhXq7pziarFT/Y=,YBuFRCu1WCw5DvkKyqUKXF3JCxw=
242,-155,q4/par33vk03TJhXq7pziarFT/Y=,YBuFRCu1WCw5DvkKyqUKXF3JCxw=
243,-155,q4/par33vk03TJhXq7pziarFT/Y=,YBuFRCu1WCw5DvkKyqUKXF3JCxw=
246,-156,q4/par33vk03TJhXq7pziarFT/Y=,YBuFRCu1WCw5DvkKyqUKXF3JCxw=
242,-159,q4/par33vk03TJhXq7pziarFT/Y=,YBuFRCu1WCw5DvkKyqUKXF3JCxw=
241,-155,q4/par33vk03TJhXq7pziarFT/Y=,YBuFRCu1WCw5DvkKyqUKXF3JCxw=
241,-159,q4/par33vk03TJhXq7pziarFT/Y=,YBuFRCu1WCw5DvkKyqUKXF3JCxw=
246,-159,q4/par33vk03TJhXq7pziarFT/Y=,YBuFRCu1WCw5DvkKyqUKXF3JCxw=
245,-156,q4/par33vk03TJhXq7pziarFT/Y=,YBuFRCu1WCw5DvkKyqUKXF3JCxw=
242,-156,q4/par33vk03TJhXq7pziarFT/Y=,YBuFRCu1WCw5DvkKyqUKXF3JCxw=
244,-156,q4/par33vk03TJhXq7pziarFT/Y=,YBuFRCu1WCw5DvkKyqUKXF3JCxw=
241,-156,q4/par33vk03TJhXq7pziarFT/Y=,YBuFRCu1WCw5DvkKyqUKXF3JCxw=
243,-156,q4/par33vk03TJhXq7pziarFT/Y=,YBuFRCu1WCw5DvkKyqUKXF3JCxw=
245,-157,q4/par33vk03TJhXq7pziarFT/Y=,YBuFRCu1WCw5DvkKyqUKXF3JCxw=
244,-157,q4/par33vk03TJhXq7pziarFT/Y=,YBuFRCu1WCw5DvkKyqUKXF3JCxw=
246,-157,q4/par33vk03TJhXq7pziarFT/Y=,YBuFRCu1WCw5DvkKyqUKXF3JCxw=
243,-157,q4/par33vk03TJhXq7pziarFT/Y=,YBuFRCu1WCw5DvkKyqUKXF3JCxw=
246,-158,q4/par33vk03TJhXq7pziarFT/Y=,YBuFRCu1WCw5DvkKyqUKXF3JCxw=
242,-157,q4/par33vk03TJhXq7pziarFT/Y=,YBuFRCu1WCw5DvkKyqUKXF3JCxw=
241,-157,q4/par33vk03TJhXq7pziarFT/Y=,YBuFRCu1WCw5DvkKyqUKXF3JCxw=
246,-152,q4/par33vk03TJhXq7pziarFT/Y=,YBuFRCu1WCw5DvkKyqUKXF3JCxw=
244,-152,q4/par33vk03TJhXq7pziarFT/Y=,YBuFRCu1WCw5DvkKyqUKXF3JCxw=
245,-152,q4/par33vk03TJhXq7pziarFT/Y=,YBuFRCu1WCw5DvkKyqUKXF3JCxw=
244,-160,q4/par33vk03TJhXq7pziarFT/Y=,YBuFRCu1WCw5DvkKyqUKXF3JCxw=
245,-160,q4/par33vk03TJhXq7pziarFT/Y=,YBuFRCu1WCw5DvkKyqUKXF3JCxw=
241,-160,q4/par33vk03TJhXq7pziarFT/Y=,YBuFRCu1WCw5DvkKyqUKXF3JCxw=
246,-160,q4/par33vk03TJhXq7pziarFT/Y=,YBuFRCu1WCw5DvkKyqUKXF3JCxw=
243,-160,q4/par33vk03TJhXq7pziarFT/Y=,YBuFRCu1WCw5DvkKyqUKXF3JCxw=
242,-160,q4/par33vk03TJhXq7pziarFT/Y=,YBuFRCu1WCw5DvkKyqUKXF3JCxw=
240,-154,q4/par33vk03TJhXq7pziarFT/Y=,YBuFRCu1WCw5DvkKyqUKXF3JCxw=
240,-158,q4/par33vk03TJhXq7pziarFT/Y=,YBuFRCu1WCw5DvkKyqUKXF3JCxw=
240,-157,q4/par33vk03TJhXq7pziarFT/Y=,YBuFRCu1WCw5DvkKyqUKXF3JCxw=
240,-155,q4/par33vk03TJhXq7pziarFT/Y=,YBuFRCu1WCw5DvkKyqUKXF3JCxw=
240,-156,q4/par33vk03TJhXq7pziarFT/Y=,YBuFRCu1WCw5DvkKyqUKXF3JCxw=
240,-159,q4/par33vk03TJhXq7pziarFT/Y=,YBuFRCu1WCw5DvkKyqUKXF3JCxw=
240,-146,q4/par33vk03TJhXq7pziarFT/Y=,YBuFRCu1WCw5DvkKyqUKXF3JCxw=
240,-147,q4/par33vk03TJhXq7pziarFT/Y=,YBuFRCu1WCw5DvkKyqUKXF3JCxw=
240,-153,q4/par33vk03TJhXq7pziarFT/Y=,YBuFRCu1WCw5DvkKyqUKXF3JCxw=
240,-149,q4/par33vk03TJhXq7pziarFT/Y=,YBuFRCu1WCw5DvkKyqUKXF3JCxw=
240,-148,q4/par33vk03TJhXq7pziarFT/Y=,YBuFRCu1WCw5DvkKyqUKXF3JCxw=
240,-152,q4/par33vk03TJhXq7pziarFT/Y=,YBuFRCu1WCw5DvkKyqUKXF3JCxw=
240,-150,q4/par33vk03TJhXq7pziarFT/Y=,YBuFRCu1WCw5DvkKyqUKXF3JCxw=
240,-151,q4/par33vk03TJhXq7pziarFT/Y=,YBuFRCu1WCw5DvkKyqUKXF3JCxw=
240,-160,q4/par33vk03TJhXq7pziarFT/Y=,YBuFRCu1WCw5DvkKyqUKXF3JCxw=
240,-145,q4/par33vk03TJhXq7pziarFT/Y=,YBuFRCu1WCw5DvkKyqUKXF3JCxw=
248,-149,q4/par33vk03TJhXq7pziarFT/Y=,YBuFRCu1WCw5DvkKyqUKXF3JCxw=
248,-150,q4/par33vk03TJhXq7pziarFT/Y=,YBuFRCu1WCw5DvkKyqUKXF3JCxw=
248,-147,q4/par33vk03TJhXq7pziarFT/Y=,YBuFRCu1WCw5DvkKyqUKXF3JCxw=
249,-147,q4/par33vk03TJhXq7pziarFT/Y=,YBuFRCu1WCw5DvkKyqUKXF3JCxw=
250,-147,q4/par33vk03TJhXq7pziarFT/Y=,YBuFRCu1WCw5DvkKyqUKXF3JCxw=
251,-147,q4/par33vk03TJhXq7pziarFT/Y=,YBuFRCu1WCw5DvkKyqUKXF3JCxw=
248,-146,q4/par33vk03TJhXq7pziarFT/Y=,YBuFRCu1WCw5DvkKyqUKXF3JCxw=
249,-146,q4/par33vk03TJhXq7pziarFT/Y=,YBuFRCu1WCw5DvkKyqUKXF3JCxw=
248,-148,q4/par33vk03TJhXq7pziarFT/Y=,YBuFRCu1WCw5DvkKyqUKXF3JCxw=
247,-146,q4/par33vk03TJhXq7pziarFT/Y=,YBuFRCu1WCw5DvkKyqUKXF3JCxw=
250,-146,q4/par33vk03TJhXq7pziarFT/Y=,YBuFRCu1WCw5DvkKyqUKXF3JCxw=
248,-151,q4/par33vk03TJhXq7pziarFT/Y=,YBuFRCu1WCw5DvkKyqUKXF3JCxw=
251,-146,q4/par33vk03TJhXq7pziarFT/Y=,YBuFRCu1WCw5DvkKyqUKXF3JCxw=
252,-146,q4/par33vk03TJhXq7pziarFT/Y=,YBuFRCu1WCw5DvkKyqUKXF3JCxw=
253,-146,q4/par33vk03TJhXq7pziarFT/Y=,YBuFRCu1WCw5DvkKyqUKXF3JCxw=
247,-145,q4/par33vk03TJhXq7pziarFT/Y=,YBuFRCu1WCw5DvkKyqUKXF3JCxw=
254,-146,q4/par33vk03TJhXq7pziarFT/Y=,YBuFRCu1WCw5DvkKyqUKXF3JCxw=
247,-151,q4/par33vk03TJhXq7pziarFT/Y=,YBuFRCu1WCw5DvkKyqUKXF3JCxw=
255,-146,q4/par33vk03TJhXq7pziarFT/Y=,YBuFRCu1WCw5DvkKyqUKXF3JCxw=
249,-145,q4/par33vk03TJhXq7pziarFT/Y=,YBuFRCu1WCw5DvkKyqUKXF3JCxw=
248,-145,q4/par33vk03TJhXq7pziarFT/Y=,YBuFRCu1WCw5DvkKyqUKXF3JCxw=
250,-145,q4/par33vk03TJhXq7pziarFT/Y=,YBuFRCu1WCw5DvkKyqUKXF3JCxw=
255,-147,q4/par33vk03TJhXq7pziarFT/Y=,YBuFRCu1WCw5DvkKyqUKXF3JCxw=
247,-147,q4/par33vk03TJhXq7pziarFT/Y=,YBuFRCu1WCw5DvkKyqUKXF3JCxw=
247,-148,q4/par33vk03TJhXq7pziarFT/Y=,YBuFRCu1WCw5DvkKyqUKXF3JCxw=
247,-149,q4/par33vk03TJhXq7pziarFT/Y=,YBuFRCu1WCw5DvkKyqUKXF3JCxw=
247,-150,q4/par33vk03TJhXq7pziarFT/Y=,YBuFRCu1WCw5DvkKyqUKXF3JCxw=
255,-145,q4/par33vk03TJhXq7pziarFT/Y=,YBuFRCu1WCw5DvkKyqUKXF3JCxw=
254,-145,q4/par33vk03TJhXq7pziarFT/Y=,YBuFRCu1WCw5DvkKyqUKXF3JCxw=
249,-148,q4/par33vk03TJhXq7pziarFT/Y=,YBuFRCu1WCw5DvkKyqUKXF3JCxw=
252,-145,q4/par33vk03TJhXq7pziarFT/Y=,YBuFRCu1WCw5DvkKyqUKXF3JCxw=
253,-145,q4/par33vk03TJhXq7pziarFT/Y=,YBuFRCu1WCw5DvkKyqUKXF3JCxw=
251,-145,q4/par33vk03TJhXq7pziarFT/Y=,YBuFRCu1WCw5DvkKyqUKXF3JCxw=
254,-147,q4/par33vk03TJhXq7pziarFT/Y=,YBuFRCu1WCw5DvkKyqUKXF3JCxw=
253,-147,q4/par33vk03TJhXq7pziarFT/Y=,YBuFRCu1WCw5DvkKyqUKXF3JCxw=
252,-147,q4/par33vk03TJhXq7pziarFT/Y=,YBuFRCu1WCw5DvkKyqUKXF3JCxw=
247,-153,q4/par33vk03TJhXq7pziarFT/Y=,YBuFRCu1WCw5DvkKyqUKXF3JCxw=
247,-154,q4/par33vk03TJhXq7pziarFT/Y=,YBuFRCu1WCw5DvkKyqUKXF3JCxw=
248,-155,q4/par33vk03TJhXq7pziarFT/Y=,YBuFRCu1WCw5DvkKyqUKXF3JCxw=
249,-159,q4/par33vk03TJhXq7pziarFT/Y=,YBuFRCu1WCw5DvkKyqUKXF3JCxw=
255,-160,q4/par33vk03TJhXq7pziarFT/Y=,YBuFRCu1WCw5DvkKyqUKXF3JCxw=
247,-158,q4/par33vk03TJhXq7pziarFT/Y=,YBuFRCu1WCw5DvkKyqUKXF3JCxw=
254,-160,q4/par33vk03TJhXq7pziarFT/Y=,YBuFRCu1WCw5DvkKyqUKXF3JCxw=
252,-160,q4/par33vk03TJhXq7pziarFT/Y=,YBuFRCu1WCw5DvkKyqUKXF3JCxw=
248,-159,q4/par33vk03TJhXq7pziarFT/Y=,YBuFRCu1WCw5DvkKyqUKXF3JCxw=
248,-156,q4/par33vk03TJhXq7pziarFT/Y=,YBuFRCu1WCw5DvkKyqUKXF3JCxw=
247,-155,q4/par33vk03TJhXq7pziarFT/Y=,YBuFRCu1WCw5DvkKyqUKXF3JCxw=
253,-160,q4/par33vk03TJhXq7pziarFT/Y=,YBuFRCu1WCw5DvkKyqUKXF3JCxw=
247,-159,q4/par33vk03TJhXq7pziarFT/Y=,YBuFRCu1WCw5DvkKyqUKXF3JCxw=
251,-160,q4/par33vk03TJhXq7pziarFT/Y=,YBuFRCu1WCw5DvkKyqUKXF3JCxw=
248,-157,q4/par33vk03TJhXq7pziarFT/Y=,YBuFRCu1WCw5DvkKyqUKXF3JCxw=
248,-158,q4/par33vk03TJhXq7pziarFT/Y=,YBuFRCu1WCw5DvkKyqUKXF3JCxw=
250,-160,q4/par33vk03TJhXq7pziarFT/Y=,YBuFRCu1WCw5DvkKyqUKXF3JCxw=
249,-160,q4/par33vk03TJhXq7pziarFT/Y=,YBuFRCu1WCw5DvkKyqUKXF3JCxw=
248,-160,q4/par33vk03TJhXq7pziarFT/Y=,YBuFRCu1WCw5DvkKyqUKXF3JCxw=
247,-160,q4/par33vk03TJhXq7pziarFT/Y=,YBuFRCu1WCw5DvkKyqUKXF3JCxw=
247,-156,q4/par33vk03TJhXq7pziarFT/Y=,YBuFRCu1WCw5DvkKyqUKXF3JCxw=
247,-157,q4/par33vk03TJhXq7pziarFT/Y=,YBuFRCu1WCw5DvkKyqUKXF3JCxw=
248,-153,q4/par33vk03TJhXq7pziarFT/Y=,YBuFRCu1WCw5DvkKyqUKXF3JCxw=
247,-152,q4/par33vk03TJhXq7pziarFT/Y=,YBuFRCu1WCw5DvkKyqUKXF3JCxw=
250,-148,q4/par33vk03TJhXq7pziarFT/Y=,YBuFRCu1WCw5DvkKyqUKXF3JCxw=
253,-148,q4/par33vk03TJhXq7pziarFT/Y=,YBuFRCu1WCw5DvkKyqUKXF3JCxw=
249,-150,q4/par33vk03TJhXq7pziarFT/Y=,YBuFRCu1WCw5DvkKyqUKXF3JCxw=
248,-152,q4/par33vk03TJhXq7pziarFT/Y=,YBuFRCu1WCw5DvkKyqUKXF3JCxw=
254,-148,q4/par33vk03TJhXq7pziarFT/Y=,YBuFRCu1WCw5DvkKyqUKXF3JCxw=
248,-154,q4/par33vk03TJhXq7pziarFT/Y=,YBuFRCu1WCw5DvkKyqUKXF3JCxw=
249,-152,q4/par33vk03TJhXq7pziarFT/Y=,YBuFRCu1WCw5DvkKyqUKXF3JCxw=
251,-148,q4/par33vk03TJhXq7pziarFT/Y=,YBuFRCu1WCw5DvkKyqUKXF3JCxw=
255,-148,q4/par33vk03TJhXq7pziarFT/Y=,YBuFRCu1WCw5DvkKyqUKXF3JCxw=
252,-148,q4/par33vk03TJhXq7pziarFT/Y=,YBuFRCu1WCw5DvkKyqUKXF3JCxw=
249,-149,q4/par33vk03TJhXq7pziarFT/Y=,YBuFRCu1WCw5DvkKyqUKXF3JCxw=
254,-153,q4/par33vk03TJhXq7pziarFT/Y=,YBuFRCu1WCw5DvkKyqUKXF3JCxw=
251,-153,q4/par33vk03TJhXq7pziarFT/Y=,YBuFRCu1WCw5DvkKyqUKXF3JCxw=
249,-153,q4/par33vk03TJhXq7pziarFT/Y=,YBuFRCu1WCw5DvkKyqUKXF3JCxw=
250,-152,q4/par33vk03TJhXq7pziarFT/Y=,YBuFRCu1WCw5DvkKyqUKXF3JCxw=
254,-152,q4/par33vk03TJhXq7pziarFT/Y=,YBuFRCu1WCw5DvkKyqUKXF3JCxw=
255,-153,q4/par33vk03TJhXq7pziarFT/Y=,YBuFRCu1WCw5DvkKyqUKXF3JCxw=
252,-152,q4/par33vk03TJhXq7pziarFT/Y=,YBuFRCu1WCw5DvkKyqUKXF3JCxw=
252,-153,q4/par33vk03TJhXq7pziarFT/Y=,YBuFRCu1WCw5DvkKyqUKXF3JCxw=
252,-154,q4/par33vk03TJhXq7pziarFT/Y=,YBuFRCu1WCw5DvkKyqUKXF3JCxw=
253,-154,q4/par33vk03TJhXq7pziarFT/Y=,YBuFRCu1WCw5DvkKyqUKXF3JCxw=
254,-155,q4/par33vk03TJhXq7pziarFT/Y=,YBuFRCu1WCw5DvkKyqUKXF3JCxw=
253,-153,q4/par33vk03TJhXq7pziarFT/Y=,YBuFRCu1WCw5DvkKyqUKXF3JCxw=
254,-154,q4/par33vk03TJhXq7pziarFT/Y=,YBuFRCu1WCw5DvkKyqUKXF3JCxw=
255,-154,q4/par33vk03TJhXq7pziarFT/Y=,YBuFRCu1WCw5DvkKyqUKXF3JCxw=
251,-154,q4/par33vk03TJhXq7pziarFT/Y=,YBuFRCu1WCw5DvkKyqUKXF3JCxw=
250,-153,q4/par33vk03TJhXq7pziarFT/Y=,YBuFRCu1WCw5DvkKyqUKXF3JCxw=
249,-151,q4/par33vk03TJhXq7pziarFT/Y=,YBuFRCu1WCw5DvkKyqUKXF3JCxw=
250,-150,q4/par33vk03TJhXq7pziarFT/Y=,YBuFRCu1WCw5DvkKyqUKXF3JCxw=
255,-159,q4/par33vk03TJhXq7pziarFT/Y=,YBuFRCu1WCw5DvkKyqUKXF3JCxw=
251,-150,q4/par33vk03TJhXq7pziarFT/Y=,YBuFRCu1WCw5DvkKyqUKXF3JCxw=
251,-151,q4/par33vk03TJhXq7pziarFT/Y=,YBuFRCu1WCw5DvkKyqUKXF3JCxw=
249,-154,q4/par33vk03TJhXq7pziarFT/Y=,YBuFRCu1WCw5DvkKyqUKXF3JCxw=
250,-154,q4/par33vk03TJhXq7pziarFT/Y=,YBuFRCu1WCw5DvkKyqUKXF3JCxw=
251,-152,q4/par33vk03TJhXq7pziarFT/Y=,YBuFRCu1WCw5DvkKyqUKXF3JCxw=
250,-151,q4/par33vk03TJhXq7pziarFT/Y=,YBuFRCu1WCw5DvkKyqUKXF3JCxw=
253,-151,q4/par33vk03TJhXq7pziarFT/Y=,YBuFRCu1WCw5DvkKyqUKXF3JCxw=
252,-151,q4/par33vk03TJhXq7pziarFT/Y=,YBuFRCu1WCw5DvkKyqUKXF3JCxw=
252,-150,q4/par33vk03TJhXq7pziarFT/Y=,YBuFRCu1WCw5DvkKyqUKXF3JCxw=
254,-159,q4/par33vk03TJhXq7pziarFT/Y=,YBuFRCu1WCw5DvkKyqUKXF3JCxw=
253,-149,q4/par33vk03TJhXq7pziarFT/Y=,YBuFRCu1WCw5DvkKyqUKXF3JCxw=
253,-159,q4/par33vk03TJhXq7pziarFT/Y=,YBuFRCu1WCw5DvkKyqUKXF3JCxw=
255,-155,q4/par33vk03TJhXq7pziarFT/Y=,YBuFRCu1WCw5DvkKyqUKXF3JCxw=
253,-150,q4/par33vk03TJhXq7pziarFT/Y=,YBuFRCu1WCw5DvkKyqUKXF3JCxw=
250,-159,q4/par33vk03TJhXq7pziarFT/Y=,YBuFRCu1WCw5DvkKyqUKXF3JCxw=
254,-150,q4/par33vk03TJhXq7pziarFT/Y=,YBuFRCu1WCw5DvkKyqUKXF3JCxw=
250,-149,q4/par33vk03TJhXq7pziarFT/Y=,YBuFRCu1WCw5DvkKyqUKXF3JCxw=
251,-149,q4/par33vk03TJhXq7pziarFT/Y=,YBuFRCu1WCw5DvkKyqUKXF3JCxw=
251,-159,q4/par33vk03TJhXq7pziarFT/Y=,YBuFRCu1WCw5DvkKyqUKXF3JCxw=
254,-151,q4/par33vk03TJhXq7pziarFT/Y=,YBuFRCu1WCw5DvkKyqUKXF3JCxw=
255,-150,q4/par33vk03TJhXq7pziarFT/Y=,YBuFRCu1WCw5DvkKyqUKXF3JCxw=
254,-149,q4/par33vk03TJhXq7pziarFT/Y=,YBuFRCu1WCw5DvkKyqUKXF3JCxw=
255,-151,q4/par33vk03TJhXq7pziarFT/Y=,YBuFRCu1WCw5DvkKyqUKXF3JCxw=
252,-159,q4/par33vk03TJhXq7pziarFT/Y=,YBuFRCu1WCw5DvkKyqUKXF3JCxw=
255,-149,q4/par33vk03TJhXq7pziarFT/Y=,YBuFRCu1WCw5DvkKyqUKXF3JCxw=
252,-149,q4/par33vk03TJhXq7pziarFT/Y=,YBuFRCu1WCw5DvkKyqUKXF3JCxw=
253,-152,q4/par33vk03TJhXq7pziarFT/Y=,YBuFRCu1WCw5DvkKyqUKXF3JCxw=
255,-157,q4/par33vk03TJhXq7pziarFT/Y=,YBuFRCu1WCw5DvkKyqUKXF3JCxw=
249,-157,q4/par33vk03TJhXq7pziarFT/Y=,YBuFRCu1WCw5DvkKyqUKXF3JCxw=
254,-156,q4/par33vk03TJhXq7pziarFT/Y=,YBuFRCu1WCw5DvkKyqUKXF3JCxw=
255,-158,q4/par33vk03TJhXq7pziarFT/Y=,YBuFRCu1WCw5DvkKyqUKXF3JCxw=
254,-157,q4/par33vk03TJhXq7pziarFT/Y=,YBuFRCu1WCw5DvkKyqUKXF3JCxw=
253,-156,q4/par33vk03TJhXq7pziarFT/Y=,YBuFRCu1WCw5DvkKyqUKXF3JCxw=
251,-157,q4/par33vk03TJhXq7pziarFT/Y=,YBuFRCu1WCw5DvkKyqUKXF3JCxw=
255,-156,q4/par33vk03TJhXq7pziarFT/Y=,YBuFRCu1WCw5DvkKyqUKXF3JCxw=
249,-155,q4/par33vk03TJhXq7pziarFT/Y=,YBuFRCu1WCw5DvkKyqUKXF3JCxw=
253,-157,q4/par33vk03TJhXq7pziarFT/Y=,YBuFRCu1WCw5DvkKyqUKXF3JCxw=
249,-158,q4/par33vk03TJhXq7pziarFT/Y=,YBuFRCu1WCw5DvkKyqUKXF3JCxw=
249,-156,q4/par33vk03TJhXq7pziarFT/Y=,YBuFRCu1WCw5DvkKyqUKXF3JCxw=
250,-155,q4/par33vk03TJhXq7pziarFT/Y=,YBuFRCu1WCw5DvkKyqUKXF3JCxw=
254,-158,q4/par33vk03TJhXq7pziarFT/Y=,YBuFRCu1WCw5DvkKyqUKXF3JCxw=
253,-158,q4/par33vk03TJhXq7pziarFT/Y=,YBuFRCu1WCw5DvkKyqUKXF3JCxw=
251,-155,q4/par33vk03TJhXq7pziarFT/Y=,YBuFRCu1WCw5DvkKyqUKXF3JCxw=
252,-157,q4/par33vk03TJhXq7pziarFT/Y=,YBuFRCu1WCw5DvkKyqUKXF3JCxw=
252,-158,q4/par33vk03TJhXq7pziarFT/Y=,YBuFRCu1WCw5DvkKyqUKXF3JCxw=
252,-155,q4/par33vk03TJhXq7pziarFT/Y=,YBuFRCu1WCw5DvkKyqUKXF3JCxw=
250,-157,q4/par33vk03TJhXq7pziarFT/Y=,YBuFRCu1WCw5DvkKyqUKXF3JCxw=
251,-156,q4/par33vk03TJhXq7pziarFT/Y=,YBuFRCu1WCw5DvkKyqUKXF3JCxw=
250,-158,q4/par33vk03TJhXq7pziarFT/Y=,YBuFRCu1WCw5DvkKyqUKXF3JCxw=
255,-152,q4/par33vk03TJhXq7pziarFT/Y=,YBuFRCu1WCw5DvkKyqUKXF3JCxw=
253,-155,q4/par33vk03TJhXq7pziarFT/Y=,YBuFRCu1WCw5DvkKyqUKXF3JCxw=
252,-156,q4/par33vk03TJhXq7pziarFT/Y=,YBuFRCu1WCw5DvkKyqUKXF3JCxw=
251,-158,q4/par33vk03TJhXq7pziarFT/Y=,YBuFRCu1WCw5DvkKyqUKXF3JCxw=
250,-156,q4/par33vk03TJhXq7pziarFT/Y=,YBuFRCu1WCw5DvkKyqUKXF3JCxw=
